
[12-Sep-2025 23:41:14 UTC] [api][8c93938dd7fd][INFO] request.begin {"action":"cryptobot","method":"POST","ip":"104.248.195.90"}
[12-Sep-2025 23:41:14 UTC] [api][8c93938dd7fd][INFO] db.connected {"driver":"sqlite"}
[12-Sep-2025 23:41:14 UTC] [api][8c93938dd7fd][INFO] db.bootstrap.begin {"sqlite":true}
[12-Sep-2025 23:41:14 UTC] [api][8c93938dd7fd][INFO] db.bootstrap.ok
[12-Sep-2025 23:41:14 UTC] [api][8c93938dd7fd][INFO] cryptobot.auth.check {"has_hdr_token":false,"has_hdr_secret":false,"has_qs_secret":false,"trusted_ip":true,"ip":"104.248.195.90","mode":"relaxed"}
[12-Sep-2025 23:41:14 UTC] [api][8c93938dd7fd][INFO] cryptobot.payload.recv {"bytes":1206,"preview":"{\"update_id\":1898923,\"update_type\":\"invoice_paid\",\"request_date\":\"2025-09-12T23:41:11.150Z\",\"payload\":{\"invoice_id\":741831,\"hash\":\"IVdUM4ouSb8F\",\"currency_type\":\"fiat\",\"fiat\":\"USD\",\"amount\":\"15\",\"paid_asset\":\"USDT\",\"paid_amount\":\"14.98951857\",\"paid_fiat_rate\":\"1.00069925\",\"accepted_assets\":[\"USDT\",\"TON\",\"BTC\",\"ETH\",\"LTC\",\"BNB\",\"TRX\",\"USDC\"],\"fee_asset\":\"USDT\",\"fee_amount\":\"0.4496855571\",\"fee\":\"0.4496855571\",\"fee_in_usd\":\"0.44999999\",\"pay_url\":\"https://t.me/CryptoTestnetBot?start=IVdUM4ouSb8F\",\"bot_invoice_url\":\"https://t.me/CryptoTestnetBot?start=IVdUM4ouSb8F\",\"mini_app_invoice_url\":\"https://t.me/CryptoTestnetBot/app?startapp=invoice-IVdUM4ouSb8F&mode=compact\",\"web_app_invoice_url\":\"https://testnet-app.send.tg/invoices/IVdUM4ouSb8F\",\"description\":\"Premium 12m (372 days) for user 84895335\",\"status\":\"paid\",\"created_at\":\"2025-09-12T22:52:34.420Z\",\"allow_comments\":true,\"allow_anonymous\":true,\"paid_usd_rate\":\"1.00069925\",\"usd_rate\":\"1.00069925\",\"paid_at\":\"2025-09-12T22:52:38.787Z\",\"paid_anonymously\":false,\"hidden_message\":\"Thanks! You will be upgraded automatically after payment is confirmed.\",\"payload\":\"uid=84895335;plan=12m;days=372\",\"paid_btn_name\":\"openBot\",\"paid_btn_url\":\"https://t.me\"}}"}
[12-Sep-2025 23:41:14 UTC] [api][8c93938dd7fd][INFO] cryptobot.payload.parsed {"update_type":"invoice_paid","keys":["update_id","update_type","request_date","payload"]}
[12-Sep-2025 23:41:14 UTC] [api][8c93938dd7fd][INFO] cryptobot.invoice.keys {"where":"data.payload","keys":["invoice_id","hash","currency_type","fiat","amount","paid_asset","paid_amount","paid_fiat_rate","accepted_assets","fee_asset","fee_amount","fee","fee_in_usd","pay_url","bot_invoice_url","mini_app_invoice_url","web_app_invoice_url","description","status","created_at","allow_comments","allow_anonymous","paid_usd_rate","usd_rate","paid_at","paid_anonymously","hidden_message","payload","paid_btn_name","paid_btn_url"]}
[12-Sep-2025 23:41:14 UTC] [api][8c93938dd7fd][INFO] cryptobot.invoice.extracted {"from":"data.payload","src":{"invoice_id":"data.payload.invoice_id","status":"data.payload.status","amount":"data.payload.amount","currency":"data.payload.fiat","payload":"data.payload.payload","created_at":"data.payload.created_at"},"invoice_id":"741831","status":"paid","amount":15,"currency":"USD","has_payload":true}
[12-Sep-2025 23:41:14 UTC] [api][8c93938dd7fd][INFO] cryptobot.payload.kv {"uid":84895335,"plan":"12m","days":372}
[12-Sep-2025 23:41:14 UTC] [api][8c93938dd7fd][ERROR] unhandled {"ex":"SQLSTATE[HY000]: General error: 1 table users has no column named created_at"}
[12-Sep-2025 23:41:14 UTC] [api][8c93938dd7fd][WARN] bad_request: unhandled: SQLSTATE[HY000]: General error: 1 table users has no column named created_at
[12-Sep-2025 23:41:16 UTC] [api][af33c83d58f1][INFO] request.begin {"action":"cryptobot","method":"POST","ip":"104.248.195.90"}
[12-Sep-2025 23:41:16 UTC] [api][af33c83d58f1][INFO] db.connected {"driver":"sqlite"}
[12-Sep-2025 23:41:16 UTC] [api][af33c83d58f1][INFO] db.bootstrap.begin {"sqlite":true}
[12-Sep-2025 23:41:16 UTC] [api][af33c83d58f1][INFO] db.bootstrap.ok
[12-Sep-2025 23:41:16 UTC] [api][af33c83d58f1][INFO] cryptobot.auth.check {"has_hdr_token":false,"has_hdr_secret":false,"has_qs_secret":false,"trusted_ip":true,"ip":"104.248.195.90","mode":"relaxed"}
[12-Sep-2025 23:41:16 UTC] [api][af33c83d58f1][INFO] cryptobot.payload.recv {"bytes":1202,"preview":"{\"update_id\":1898958,\"update_type\":\"invoice_paid\",\"request_date\":\"2025-09-12T23:41:12.507Z\",\"payload\":{\"invoice_id\":741892,\"hash\":\"IV4nP71dEY1b\",\"currency_type\":\"fiat\",\"fiat\":\"USD\",\"amount\":\"8\",\"paid_asset\":\"USDT\",\"paid_amount\":\"7.99359529\",\"paid_fiat_rate\":\"1.00080122\",\"accepted_assets\":[\"USDT\",\"TON\",\"BTC\",\"ETH\",\"LTC\",\"BNB\",\"TRX\",\"USDC\"],\"fee_asset\":\"USDT\",\"fee_amount\":\"0.2398078587\",\"fee\":\"0.2398078587\",\"fee_in_usd\":\"0.23999999\",\"pay_url\":\"https://t.me/CryptoTestnetBot?start=IV4nP71dEY1b\",\"bot_invoice_url\":\"https://t.me/CryptoTestnetBot?start=IV4nP71dEY1b\",\"mini_app_invoice_url\":\"https://t.me/CryptoTestnetBot/app?startapp=invoice-IV4nP71dEY1b&mode=compact\",\"web_app_invoice_url\":\"https://testnet-app.send.tg/invoices/IV4nP71dEY1b\",\"description\":\"Premium 6m (186 days) for user 84895335\",\"status\":\"paid\",\"created_at\":\"2025-09-12T23:35:28.382Z\",\"allow_comments\":true,\"allow_anonymous\":true,\"paid_usd_rate\":\"1.00080122\",\"usd_rate\":\"1.00080122\",\"paid_at\":\"2025-09-12T23:41:12.390Z\",\"paid_anonymously\":false,\"hidden_message\":\"Thanks! You will be upgraded automatically after payment is confirmed.\",\"payload\":\"uid=84895335;plan=6m;days=186\",\"paid_btn_name\":\"openBot\",\"paid_btn_url\":\"https://t.me\"}}"}
[12-Sep-2025 23:41:16 UTC] [api][af33c83d58f1][INFO] cryptobot.payload.parsed {"update_type":"invoice_paid","keys":["update_id","update_type","request_date","payload"]}
[12-Sep-2025 23:41:16 UTC] [api][af33c83d58f1][INFO] cryptobot.invoice.keys {"where":"data.payload","keys":["invoice_id","hash","currency_type","fiat","amount","paid_asset","paid_amount","paid_fiat_rate","accepted_assets","fee_asset","fee_amount","fee","fee_in_usd","pay_url","bot_invoice_url","mini_app_invoice_url","web_app_invoice_url","description","status","created_at","allow_comments","allow_anonymous","paid_usd_rate","usd_rate","paid_at","paid_anonymously","hidden_message","payload","paid_btn_name","paid_btn_url"]}
[12-Sep-2025 23:41:16 UTC] [api][af33c83d58f1][INFO] cryptobot.invoice.extracted {"from":"data.payload","src":{"invoice_id":"data.payload.invoice_id","status":"data.payload.status","amount":"data.payload.amount","currency":"data.payload.fiat","payload":"data.payload.payload","created_at":"data.payload.created_at"},"invoice_id":"741892","status":"paid","amount":8,"currency":"USD","has_payload":true}
[12-Sep-2025 23:41:16 UTC] [api][af33c83d58f1][INFO] cryptobot.payload.kv {"uid":84895335,"plan":"6m","days":186}
[12-Sep-2025 23:41:16 UTC] [api][af33c83d58f1][ERROR] unhandled {"ex":"SQLSTATE[HY000]: General error: 1 table users has no column named created_at"}
[12-Sep-2025 23:41:16 UTC] [api][af33c83d58f1][WARN] bad_request: unhandled: SQLSTATE[HY000]: General error: 1 table users has no column named created_at
[12-Sep-2025 23:41:20 UTC] [api][90ff37989521][INFO] request.begin {"action":"cryptobot","method":"POST","ip":"104.248.195.90"}
[12-Sep-2025 23:41:20 UTC] [api][90ff37989521][INFO] db.connected {"driver":"sqlite"}
[12-Sep-2025 23:41:20 UTC] [api][90ff37989521][INFO] db.bootstrap.begin {"sqlite":true}
[12-Sep-2025 23:41:20 UTC] [api][90ff37989521][INFO] db.bootstrap.ok
[12-Sep-2025 23:41:20 UTC] [api][90ff37989521][INFO] cryptobot.auth.check {"has_hdr_token":false,"has_hdr_secret":false,"has_qs_secret":false,"trusted_ip":true,"ip":"104.248.195.90","mode":"relaxed"}
[12-Sep-2025 23:41:20 UTC] [api][90ff37989521][INFO] cryptobot.payload.recv {"bytes":1202,"preview":"{\"update_id\":1898960,\"update_type\":\"invoice_paid\",\"request_date\":\"2025-09-12T23:41:17.593Z\",\"payload\":{\"invoice_id\":741892,\"hash\":\"IV4nP71dEY1b\",\"currency_type\":\"fiat\",\"fiat\":\"USD\",\"amount\":\"8\",\"paid_asset\":\"USDT\",\"paid_amount\":\"7.99359529\",\"paid_fiat_rate\":\"1.00080122\",\"accepted_assets\":[\"USDT\",\"TON\",\"BTC\",\"ETH\",\"LTC\",\"BNB\",\"TRX\",\"USDC\"],\"fee_asset\":\"USDT\",\"fee_amount\":\"0.2398078587\",\"fee\":\"0.2398078587\",\"fee_in_usd\":\"0.23999999\",\"pay_url\":\"https://t.me/CryptoTestnetBot?start=IV4nP71dEY1b\",\"bot_invoice_url\":\"https://t.me/CryptoTestnetBot?start=IV4nP71dEY1b\",\"mini_app_invoice_url\":\"https://t.me/CryptoTestnetBot/app?startapp=invoice-IV4nP71dEY1b&mode=compact\",\"web_app_invoice_url\":\"https://testnet-app.send.tg/invoices/IV4nP71dEY1b\",\"description\":\"Premium 6m (186 days) for user 84895335\",\"status\":\"paid\",\"created_at\":\"2025-09-12T23:35:28.382Z\",\"allow_comments\":true,\"allow_anonymous\":true,\"paid_usd_rate\":\"1.00080122\",\"usd_rate\":\"1.00080122\",\"paid_at\":\"2025-09-12T23:41:12.390Z\",\"paid_anonymously\":false,\"hidden_message\":\"Thanks! You will be upgraded automatically after payment is confirmed.\",\"payload\":\"uid=84895335;plan=6m;days=186\",\"paid_btn_name\":\"openBot\",\"paid_btn_url\":\"https://t.me\"}}"}
[12-Sep-2025 23:41:20 UTC] [api][90ff37989521][INFO] cryptobot.payload.parsed {"update_type":"invoice_paid","keys":["update_id","update_type","request_date","payload"]}
[12-Sep-2025 23:41:20 UTC] [api][90ff37989521][INFO] cryptobot.invoice.keys {"where":"data.payload","keys":["invoice_id","hash","currency_type","fiat","amount","paid_asset","paid_amount","paid_fiat_rate","accepted_assets","fee_asset","fee_amount","fee","fee_in_usd","pay_url","bot_invoice_url","mini_app_invoice_url","web_app_invoice_url","description","status","created_at","allow_comments","allow_anonymous","paid_usd_rate","usd_rate","paid_at","paid_anonymously","hidden_message","payload","paid_btn_name","paid_btn_url"]}
[12-Sep-2025 23:41:20 UTC] [api][90ff37989521][INFO] cryptobot.invoice.extracted {"from":"data.payload","src":{"invoice_id":"data.payload.invoice_id","status":"data.payload.status","amount":"data.payload.amount","currency":"data.payload.fiat","payload":"data.payload.payload","created_at":"data.payload.created_at"},"invoice_id":"741892","status":"paid","amount":8,"currency":"USD","has_payload":true}
[12-Sep-2025 23:41:20 UTC] [api][90ff37989521][INFO] cryptobot.payload.kv {"uid":84895335,"plan":"6m","days":186}
[12-Sep-2025 23:41:20 UTC] [api][90ff37989521][ERROR] unhandled {"ex":"SQLSTATE[HY000]: General error: 1 table users has no column named created_at"}
[12-Sep-2025 23:41:20 UTC] [api][90ff37989521][WARN] bad_request: unhandled: SQLSTATE[HY000]: General error: 1 table users has no column named created_at
[12-Sep-2025 23:41:20 UTC] [api][5a11c6e0d64c][INFO] request.begin {"action":"cryptobot","method":"POST","ip":"104.248.195.90"}
[12-Sep-2025 23:41:20 UTC] [api][5a11c6e0d64c][INFO] db.connected {"driver":"sqlite"}
[12-Sep-2025 23:41:20 UTC] [api][5a11c6e0d64c][INFO] db.bootstrap.begin {"sqlite":true}
[12-Sep-2025 23:41:20 UTC] [api][5a11c6e0d64c][INFO] db.bootstrap.ok
[12-Sep-2025 23:41:20 UTC] [api][5a11c6e0d64c][INFO] cryptobot.auth.check {"has_hdr_token":false,"has_hdr_secret":false,"has_qs_secret":false,"trusted_ip":true,"ip":"104.248.195.90","mode":"relaxed"}
[12-Sep-2025 23:41:20 UTC] [api][5a11c6e0d64c][INFO] cryptobot.payload.recv {"bytes":1200,"preview":"{\"update_id\":1898924,\"update_type\":\"invoice_paid\",\"request_date\":\"2025-09-12T23:41:17.596Z\",\"payload\":{\"invoice_id\":741816,\"hash\":\"IVyF3EhKYZRH\",\"currency_type\":\"fiat\",\"fiat\":\"USD\",\"amount\":\"2\",\"paid_asset\":\"USDT\",\"paid_amount\":\"1.99837339\",\"paid_fiat_rate\":\"1.00081396\",\"accepted_assets\":[\"USDT\",\"TON\",\"BTC\",\"ETH\",\"LTC\",\"BNB\",\"TRX\",\"USDC\"],\"fee_asset\":\"USDT\",\"fee_amount\":\"0.0599512017\",\"fee\":\"0.0599512017\",\"fee_in_usd\":\"0.05999999\",\"pay_url\":\"https://t.me/CryptoTestnetBot?start=IVyF3EhKYZRH\",\"bot_invoice_url\":\"https://t.me/CryptoTestnetBot?start=IVyF3EhKYZRH\",\"mini_app_invoice_url\":\"https://t.me/CryptoTestnetBot/app?startapp=invoice-IVyF3EhKYZRH&mode=compact\",\"web_app_invoice_url\":\"https://testnet-app.send.tg/invoices/IVyF3EhKYZRH\",\"description\":\"Premium 1m (31 days) for user 84895335\",\"status\":\"paid\",\"created_at\":\"2025-09-12T22:32:38.249Z\",\"allow_comments\":true,\"allow_anonymous\":true,\"paid_usd_rate\":\"1.00081396\",\"usd_rate\":\"1.00081396\",\"paid_at\":\"2025-09-12T22:32:44.618Z\",\"paid_anonymously\":false,\"hidden_message\":\"Thanks! You will be upgraded automatically after payment is confirmed.\",\"payload\":\"uid=84895335;plan=1m;days=31\",\"paid_btn_name\":\"openBot\",\"paid_btn_url\":\"https://t.me\"}}"}
[12-Sep-2025 23:41:20 UTC] [api][5a11c6e0d64c][INFO] cryptobot.payload.parsed {"update_type":"invoice_paid","keys":["update_id","update_type","request_date","payload"]}
[12-Sep-2025 23:41:20 UTC] [api][5a11c6e0d64c][INFO] cryptobot.invoice.keys {"where":"data.payload","keys":["invoice_id","hash","currency_type","fiat","amount","paid_asset","paid_amount","paid_fiat_rate","accepted_assets","fee_asset","fee_amount","fee","fee_in_usd","pay_url","bot_invoice_url","mini_app_invoice_url","web_app_invoice_url","description","status","created_at","allow_comments","allow_anonymous","paid_usd_rate","usd_rate","paid_at","paid_anonymously","hidden_message","payload","paid_btn_name","paid_btn_url"]}
[12-Sep-2025 23:41:20 UTC] [api][5a11c6e0d64c][INFO] cryptobot.invoice.extracted {"from":"data.payload","src":{"invoice_id":"data.payload.invoice_id","status":"data.payload.status","amount":"data.payload.amount","currency":"data.payload.fiat","payload":"data.payload.payload","created_at":"data.payload.created_at"},"invoice_id":"741816","status":"paid","amount":2,"currency":"USD","has_payload":true}
[12-Sep-2025 23:41:20 UTC] [api][5a11c6e0d64c][INFO] cryptobot.payload.kv {"uid":84895335,"plan":"1m","days":31}
[12-Sep-2025 23:41:20 UTC] [api][5a11c6e0d64c][ERROR] unhandled {"ex":"SQLSTATE[HY000]: General error: 1 table users has no column named created_at"}
[12-Sep-2025 23:41:20 UTC] [api][5a11c6e0d64c][WARN] bad_request: unhandled: SQLSTATE[HY000]: General error: 1 table users has no column named created_at
[12-Sep-2025 23:41:20 UTC] [api][7bb0dea4f46f][INFO] request.begin {"action":"cryptobot","method":"POST","ip":"104.248.195.90"}
[12-Sep-2025 23:41:20 UTC] [api][7bb0dea4f46f][INFO] db.connected {"driver":"sqlite"}
[12-Sep-2025 23:41:20 UTC] [api][7bb0dea4f46f][INFO] db.bootstrap.begin {"sqlite":true}
[12-Sep-2025 23:41:20 UTC] [api][7bb0dea4f46f][INFO] db.bootstrap.ok
[12-Sep-2025 23:41:20 UTC] [api][7bb0dea4f46f][INFO] cryptobot.auth.check {"has_hdr_token":false,"has_hdr_secret":false,"has_qs_secret":false,"trusted_ip":true,"ip":"104.248.195.90","mode":"relaxed"}
[12-Sep-2025 23:41:20 UTC] [api][7bb0dea4f46f][INFO] cryptobot.payload.recv {"bytes":1206,"preview":"{\"update_id\":1898925,\"update_type\":\"invoice_paid\",\"request_date\":\"2025-09-12T23:41:17.698Z\",\"payload\":{\"invoice_id\":741880,\"hash\":\"IV2mipoMFtdi\",\"currency_type\":\"fiat\",\"fiat\":\"USD\",\"amount\":\"15\",\"paid_asset\":\"USDT\",\"paid_amount\":\"14.98817837\",\"paid_fiat_rate\":\"1.00078873\",\"accepted_assets\":[\"USDT\",\"TON\",\"BTC\",\"ETH\",\"LTC\",\"BNB\",\"TRX\",\"USDC\"],\"fee_asset\":\"USDT\",\"fee_amount\":\"0.4496453511\",\"fee\":\"0.4496453511\",\"fee_in_usd\":\"0.44999999\",\"pay_url\":\"https://t.me/CryptoTestnetBot?start=IV2mipoMFtdi\",\"bot_invoice_url\":\"https://t.me/CryptoTestnetBot?start=IV2mipoMFtdi\",\"mini_app_invoice_url\":\"https://t.me/CryptoTestnetBot/app?startapp=invoice-IV2mipoMFtdi&mode=compact\",\"web_app_invoice_url\":\"https://testnet-app.send.tg/invoices/IV2mipoMFtdi\",\"description\":\"Premium 12m (372 days) for user 84895335\",\"status\":\"paid\",\"created_at\":\"2025-09-12T23:22:41.174Z\",\"allow_comments\":true,\"allow_anonymous\":true,\"paid_usd_rate\":\"1.00078873\",\"usd_rate\":\"1.00078873\",\"paid_at\":\"2025-09-12T23:22:46.251Z\",\"paid_anonymously\":false,\"hidden_message\":\"Thanks! You will be upgraded automatically after payment is confirmed.\",\"payload\":\"uid=84895335;plan=12m;days=372\",\"paid_btn_name\":\"openBot\",\"paid_btn_url\":\"https://t.me\"}}"}
[12-Sep-2025 23:41:20 UTC] [api][7bb0dea4f46f][INFO] cryptobot.payload.parsed {"update_type":"invoice_paid","keys":["update_id","update_type","request_date","payload"]}
[12-Sep-2025 23:41:20 UTC] [api][7bb0dea4f46f][INFO] cryptobot.invoice.keys {"where":"data.payload","keys":["invoice_id","hash","currency_type","fiat","amount","paid_asset","paid_amount","paid_fiat_rate","accepted_assets","fee_asset","fee_amount","fee","fee_in_usd","pay_url","bot_invoice_url","mini_app_invoice_url","web_app_invoice_url","description","status","created_at","allow_comments","allow_anonymous","paid_usd_rate","usd_rate","paid_at","paid_anonymously","hidden_message","payload","paid_btn_name","paid_btn_url"]}
[12-Sep-2025 23:41:20 UTC] [api][7bb0dea4f46f][INFO] cryptobot.invoice.extracted {"from":"data.payload","src":{"invoice_id":"data.payload.invoice_id","status":"data.payload.status","amount":"data.payload.amount","currency":"data.payload.fiat","payload":"data.payload.payload","created_at":"data.payload.created_at"},"invoice_id":"741880","status":"paid","amount":15,"currency":"USD","has_payload":true}
[12-Sep-2025 23:41:20 UTC] [api][7bb0dea4f46f][INFO] cryptobot.payload.kv {"uid":84895335,"plan":"12m","days":372}
[12-Sep-2025 23:41:20 UTC] [api][7bb0dea4f46f][ERROR] unhandled {"ex":"SQLSTATE[HY000]: General error: 1 table users has no column named created_at"}
[12-Sep-2025 23:41:20 UTC] [api][7bb0dea4f46f][WARN] bad_request: unhandled: SQLSTATE[HY000]: General error: 1 table users has no column named created_at
[12-Sep-2025 23:41:24 UTC] [api][c0a0fcd5ba4c][INFO] request.begin {"action":"cryptobot","method":"POST","ip":"104.248.195.90"}
[12-Sep-2025 23:41:24 UTC] [api][c0a0fcd5ba4c][INFO] db.connected {"driver":"sqlite"}
[12-Sep-2025 23:41:24 UTC] [api][c0a0fcd5ba4c][INFO] db.bootstrap.begin {"sqlite":true}
[12-Sep-2025 23:41:24 UTC] [api][c0a0fcd5ba4c][INFO] db.bootstrap.ok
[12-Sep-2025 23:41:24 UTC] [api][c0a0fcd5ba4c][INFO] cryptobot.auth.check {"has_hdr_token":false,"has_hdr_secret":false,"has_qs_secret":false,"trusted_ip":true,"ip":"104.248.195.90","mode":"relaxed"}
[12-Sep-2025 23:41:24 UTC] [api][c0a0fcd5ba4c][INFO] cryptobot.payload.recv {"bytes":1202,"preview":"{\"update_id\":1898961,\"update_type\":\"invoice_paid\",\"request_date\":\"2025-09-12T23:41:24.688Z\",\"payload\":{\"invoice_id\":741892,\"hash\":\"IV4nP71dEY1b\",\"currency_type\":\"fiat\",\"fiat\":\"USD\",\"amount\":\"8\",\"paid_asset\":\"USDT\",\"paid_amount\":\"7.99359529\",\"paid_fiat_rate\":\"1.00080122\",\"accepted_assets\":[\"USDT\",\"TON\",\"BTC\",\"ETH\",\"LTC\",\"BNB\",\"TRX\",\"USDC\"],\"fee_asset\":\"USDT\",\"fee_amount\":\"0.2398078587\",\"fee\":\"0.2398078587\",\"fee_in_usd\":\"0.23999999\",\"pay_url\":\"https://t.me/CryptoTestnetBot?start=IV4nP71dEY1b\",\"bot_invoice_url\":\"https://t.me/CryptoTestnetBot?start=IV4nP71dEY1b\",\"mini_app_invoice_url\":\"https://t.me/CryptoTestnetBot/app?startapp=invoice-IV4nP71dEY1b&mode=compact\",\"web_app_invoice_url\":\"https://testnet-app.send.tg/invoices/IV4nP71dEY1b\",\"description\":\"Premium 6m (186 days) for user 84895335\",\"status\":\"paid\",\"created_at\":\"2025-09-12T23:35:28.382Z\",\"allow_comments\":true,\"allow_anonymous\":true,\"paid_usd_rate\":\"1.00080122\",\"usd_rate\":\"1.00080122\",\"paid_at\":\"2025-09-12T23:41:12.390Z\",\"paid_anonymously\":false,\"hidden_message\":\"Thanks! You will be upgraded automatically after payment is confirmed.\",\"payload\":\"uid=84895335;plan=6m;days=186\",\"paid_btn_name\":\"openBot\",\"paid_btn_url\":\"https://t.me\"}}"}
[12-Sep-2025 23:41:24 UTC] [api][c0a0fcd5ba4c][INFO] cryptobot.payload.parsed {"update_type":"invoice_paid","keys":["update_id","update_type","request_date","payload"]}
[12-Sep-2025 23:41:24 UTC] [api][c0a0fcd5ba4c][INFO] cryptobot.invoice.keys {"where":"data.payload","keys":["invoice_id","hash","currency_type","fiat","amount","paid_asset","paid_amount","paid_fiat_rate","accepted_assets","fee_asset","fee_amount","fee","fee_in_usd","pay_url","bot_invoice_url","mini_app_invoice_url","web_app_invoice_url","description","status","created_at","allow_comments","allow_anonymous","paid_usd_rate","usd_rate","paid_at","paid_anonymously","hidden_message","payload","paid_btn_name","paid_btn_url"]}
[12-Sep-2025 23:41:24 UTC] [api][c0a0fcd5ba4c][INFO] cryptobot.invoice.extracted {"from":"data.payload","src":{"invoice_id":"data.payload.invoice_id","status":"data.payload.status","amount":"data.payload.amount","currency":"data.payload.fiat","payload":"data.payload.payload","created_at":"data.payload.created_at"},"invoice_id":"741892","status":"paid","amount":8,"currency":"USD","has_payload":true}
[12-Sep-2025 23:41:24 UTC] [api][c0a0fcd5ba4c][INFO] cryptobot.payload.kv {"uid":84895335,"plan":"6m","days":186}
[12-Sep-2025 23:41:24 UTC] [api][c0a0fcd5ba4c][ERROR] unhandled {"ex":"SQLSTATE[HY000]: General error: 1 table users has no column named created_at"}
[12-Sep-2025 23:41:24 UTC] [api][c0a0fcd5ba4c][WARN] bad_request: unhandled: SQLSTATE[HY000]: General error: 1 table users has no column named created_at
[12-Sep-2025 23:41:32 UTC] [api][df24179371e2][INFO] request.begin {"action":"cryptobot","method":"POST","ip":"104.248.195.90"}
[12-Sep-2025 23:41:32 UTC] [api][df24179371e2][INFO] db.connected {"driver":"sqlite"}
[12-Sep-2025 23:41:32 UTC] [api][df24179371e2][INFO] db.bootstrap.begin {"sqlite":true}
[12-Sep-2025 23:41:32 UTC] [api][df24179371e2][INFO] db.bootstrap.ok
[12-Sep-2025 23:41:32 UTC] [api][df24179371e2][INFO] cryptobot.auth.check {"has_hdr_token":false,"has_hdr_secret":false,"has_qs_secret":false,"trusted_ip":true,"ip":"104.248.195.90","mode":"relaxed"}
[12-Sep-2025 23:41:32 UTC] [api][df24179371e2][INFO] cryptobot.payload.recv {"bytes":1202,"preview":"{\"update_id\":1898929,\"update_type\":\"invoice_paid\",\"request_date\":\"2025-09-12T23:41:32.480Z\",\"payload\":{\"invoice_id\":741837,\"hash\":\"IVWtWetmww1U\",\"currency_type\":\"fiat\",\"fiat\":\"USD\",\"amount\":\"8\",\"paid_asset\":\"USDT\",\"paid_amount\":\"7.99355628\",\"paid_fiat_rate\":\"1.00080611\",\"accepted_assets\":[\"USDT\",\"TON\",\"BTC\",\"ETH\",\"LTC\",\"BNB\",\"TRX\",\"USDC\"],\"fee_asset\":\"USDT\",\"fee_amount\":\"0.2398066884\",\"fee\":\"0.2398066884\",\"fee_in_usd\":\"0.23999999\",\"pay_url\":\"https://t.me/CryptoTestnetBot?start=IVWtWetmww1U\",\"bot_invoice_url\":\"https://t.me/CryptoTestnetBot?start=IVWtWetmww1U\",\"mini_app_invoice_url\":\"https://t.me/CryptoTestnetBot/app?startapp=invoice-IVWtWetmww1U&mode=compact\",\"web_app_invoice_url\":\"https://testnet-app.send.tg/invoices/IVWtWetmww1U\",\"description\":\"Premium 6m (186 days) for user 84895335\",\"status\":\"paid\",\"created_at\":\"2025-09-12T22:57:55.491Z\",\"allow_comments\":true,\"allow_anonymous\":true,\"paid_usd_rate\":\"1.00080611\",\"usd_rate\":\"1.00080611\",\"paid_at\":\"2025-09-12T22:58:00.148Z\",\"paid_anonymously\":false,\"hidden_message\":\"Thanks! You will be upgraded automatically after payment is confirmed.\",\"payload\":\"uid=84895335;plan=6m;days=186\",\"paid_btn_name\":\"openBot\",\"paid_btn_url\":\"https://t.me\"}}"}
[12-Sep-2025 23:41:32 UTC] [api][df24179371e2][INFO] cryptobot.payload.parsed {"update_type":"invoice_paid","keys":["update_id","update_type","request_date","payload"]}
[12-Sep-2025 23:41:32 UTC] [api][df24179371e2][INFO] cryptobot.invoice.keys {"where":"data.payload","keys":["invoice_id","hash","currency_type","fiat","amount","paid_asset","paid_amount","paid_fiat_rate","accepted_assets","fee_asset","fee_amount","fee","fee_in_usd","pay_url","bot_invoice_url","mini_app_invoice_url","web_app_invoice_url","description","status","created_at","allow_comments","allow_anonymous","paid_usd_rate","usd_rate","paid_at","paid_anonymously","hidden_message","payload","paid_btn_name","paid_btn_url"]}
[12-Sep-2025 23:41:32 UTC] [api][df24179371e2][INFO] cryptobot.invoice.extracted {"from":"data.payload","src":{"invoice_id":"data.payload.invoice_id","status":"data.payload.status","amount":"data.payload.amount","currency":"data.payload.fiat","payload":"data.payload.payload","created_at":"data.payload.created_at"},"invoice_id":"741837","status":"paid","amount":8,"currency":"USD","has_payload":true}
[12-Sep-2025 23:41:32 UTC] [api][df24179371e2][INFO] cryptobot.payload.kv {"uid":84895335,"plan":"6m","days":186}
[12-Sep-2025 23:41:32 UTC] [api][df24179371e2][ERROR] unhandled {"ex":"SQLSTATE[HY000]: General error: 1 table users has no column named created_at"}
[12-Sep-2025 23:41:32 UTC] [api][df24179371e2][WARN] bad_request: unhandled: SQLSTATE[HY000]: General error: 1 table users has no column named created_at
[12-Sep-2025 23:41:32 UTC] [api][9f680d0c6222][INFO] request.begin {"action":"cryptobot","method":"POST","ip":"104.248.195.90"}
[12-Sep-2025 23:41:32 UTC] [api][9f680d0c6222][INFO] db.connected {"driver":"sqlite"}
[12-Sep-2025 23:41:32 UTC] [api][9f680d0c6222][INFO] db.bootstrap.begin {"sqlite":true}
[12-Sep-2025 23:41:32 UTC] [api][9f680d0c6222][INFO] db.bootstrap.ok
[12-Sep-2025 23:41:32 UTC] [api][9f680d0c6222][INFO] cryptobot.auth.check {"has_hdr_token":false,"has_hdr_secret":false,"has_qs_secret":false,"trusted_ip":true,"ip":"104.248.195.90","mode":"relaxed"}
[12-Sep-2025 23:41:32 UTC] [api][9f680d0c6222][INFO] cryptobot.payload.recv {"bytes":1202,"preview":"{\"update_id\":1898964,\"update_type\":\"invoice_paid\",\"request_date\":\"2025-09-12T23:41:32.793Z\",\"payload\":{\"invoice_id\":741892,\"hash\":\"IV4nP71dEY1b\",\"currency_type\":\"fiat\",\"fiat\":\"USD\",\"amount\":\"8\",\"paid_asset\":\"USDT\",\"paid_amount\":\"7.99359529\",\"paid_fiat_rate\":\"1.00080122\",\"accepted_assets\":[\"USDT\",\"TON\",\"BTC\",\"ETH\",\"LTC\",\"BNB\",\"TRX\",\"USDC\"],\"fee_asset\":\"USDT\",\"fee_amount\":\"0.2398078587\",\"fee\":\"0.2398078587\",\"fee_in_usd\":\"0.23999999\",\"pay_url\":\"https://t.me/CryptoTestnetBot?start=IV4nP71dEY1b\",\"bot_invoice_url\":\"https://t.me/CryptoTestnetBot?start=IV4nP71dEY1b\",\"mini_app_invoice_url\":\"https://t.me/CryptoTestnetBot/app?startapp=invoice-IV4nP71dEY1b&mode=compact\",\"web_app_invoice_url\":\"https://testnet-app.send.tg/invoices/IV4nP71dEY1b\",\"description\":\"Premium 6m (186 days) for user 84895335\",\"status\":\"paid\",\"created_at\":\"2025-09-12T23:35:28.382Z\",\"allow_comments\":true,\"allow_anonymous\":true,\"paid_usd_rate\":\"1.00080122\",\"usd_rate\":\"1.00080122\",\"paid_at\":\"2025-09-12T23:41:12.390Z\",\"paid_anonymously\":false,\"hidden_message\":\"Thanks! You will be upgraded automatically after payment is confirmed.\",\"payload\":\"uid=84895335;plan=6m;days=186\",\"paid_btn_name\":\"openBot\",\"paid_btn_url\":\"https://t.me\"}}"}
[12-Sep-2025 23:41:32 UTC] [api][9f680d0c6222][INFO] cryptobot.payload.parsed {"update_type":"invoice_paid","keys":["update_id","update_type","request_date","payload"]}
[12-Sep-2025 23:41:32 UTC] [api][9f680d0c6222][INFO] cryptobot.invoice.keys {"where":"data.payload","keys":["invoice_id","hash","currency_type","fiat","amount","paid_asset","paid_amount","paid_fiat_rate","accepted_assets","fee_asset","fee_amount","fee","fee_in_usd","pay_url","bot_invoice_url","mini_app_invoice_url","web_app_invoice_url","description","status","created_at","allow_comments","allow_anonymous","paid_usd_rate","usd_rate","paid_at","paid_anonymously","hidden_message","payload","paid_btn_name","paid_btn_url"]}
[12-Sep-2025 23:41:32 UTC] [api][9f680d0c6222][INFO] cryptobot.invoice.extracted {"from":"data.payload","src":{"invoice_id":"data.payload.invoice_id","status":"data.payload.status","amount":"data.payload.amount","currency":"data.payload.fiat","payload":"data.payload.payload","created_at":"data.payload.created_at"},"invoice_id":"741892","status":"paid","amount":8,"currency":"USD","has_payload":true}
[12-Sep-2025 23:41:32 UTC] [api][9f680d0c6222][INFO] cryptobot.payload.kv {"uid":84895335,"plan":"6m","days":186}
[12-Sep-2025 23:41:32 UTC] [api][9f680d0c6222][ERROR] unhandled {"ex":"SQLSTATE[HY000]: General error: 1 table users has no column named created_at"}
[12-Sep-2025 23:41:32 UTC] [api][9f680d0c6222][WARN] bad_request: unhandled: SQLSTATE[HY000]: General error: 1 table users has no column named created_at
[12-Sep-2025 23:41:48 UTC] [api][52cc6ea96e79][INFO] request.begin {"action":"cryptobot","method":"POST","ip":"104.248.195.90"}
[12-Sep-2025 23:41:48 UTC] [api][52cc6ea96e79][INFO] db.connected {"driver":"sqlite"}
[12-Sep-2025 23:41:48 UTC] [api][52cc6ea96e79][INFO] db.bootstrap.begin {"sqlite":true}
[12-Sep-2025 23:41:48 UTC] [api][52cc6ea96e79][INFO] db.bootstrap.ok
[12-Sep-2025 23:41:48 UTC] [api][52cc6ea96e79][INFO] cryptobot.auth.check {"has_hdr_token":false,"has_hdr_secret":false,"has_qs_secret":false,"trusted_ip":true,"ip":"104.248.195.90","mode":"relaxed"}
[12-Sep-2025 23:41:48 UTC] [api][52cc6ea96e79][INFO] cryptobot.payload.recv {"bytes":1202,"preview":"{\"update_id\":1898969,\"update_type\":\"invoice_paid\",\"request_date\":\"2025-09-12T23:41:48.854Z\",\"payload\":{\"invoice_id\":741892,\"hash\":\"IV4nP71dEY1b\",\"currency_type\":\"fiat\",\"fiat\":\"USD\",\"amount\":\"8\",\"paid_asset\":\"USDT\",\"paid_amount\":\"7.99359529\",\"paid_fiat_rate\":\"1.00080122\",\"accepted_assets\":[\"USDT\",\"TON\",\"BTC\",\"ETH\",\"LTC\",\"BNB\",\"TRX\",\"USDC\"],\"fee_asset\":\"USDT\",\"fee_amount\":\"0.2398078587\",\"fee\":\"0.2398078587\",\"fee_in_usd\":\"0.23999999\",\"pay_url\":\"https://t.me/CryptoTestnetBot?start=IV4nP71dEY1b\",\"bot_invoice_url\":\"https://t.me/CryptoTestnetBot?start=IV4nP71dEY1b\",\"mini_app_invoice_url\":\"https://t.me/CryptoTestnetBot/app?startapp=invoice-IV4nP71dEY1b&mode=compact\",\"web_app_invoice_url\":\"https://testnet-app.send.tg/invoices/IV4nP71dEY1b\",\"description\":\"Premium 6m (186 days) for user 84895335\",\"status\":\"paid\",\"created_at\":\"2025-09-12T23:35:28.382Z\",\"allow_comments\":true,\"allow_anonymous\":true,\"paid_usd_rate\":\"1.00080122\",\"usd_rate\":\"1.00080122\",\"paid_at\":\"2025-09-12T23:41:12.390Z\",\"paid_anonymously\":false,\"hidden_message\":\"Thanks! You will be upgraded automatically after payment is confirmed.\",\"payload\":\"uid=84895335;plan=6m;days=186\",\"paid_btn_name\":\"openBot\",\"paid_btn_url\":\"https://t.me\"}}"}
[12-Sep-2025 23:41:48 UTC] [api][52cc6ea96e79][INFO] cryptobot.payload.parsed {"update_type":"invoice_paid","keys":["update_id","update_type","request_date","payload"]}
[12-Sep-2025 23:41:48 UTC] [api][52cc6ea96e79][INFO] cryptobot.invoice.keys {"where":"data.payload","keys":["invoice_id","hash","currency_type","fiat","amount","paid_asset","paid_amount","paid_fiat_rate","accepted_assets","fee_asset","fee_amount","fee","fee_in_usd","pay_url","bot_invoice_url","mini_app_invoice_url","web_app_invoice_url","description","status","created_at","allow_comments","allow_anonymous","paid_usd_rate","usd_rate","paid_at","paid_anonymously","hidden_message","payload","paid_btn_name","paid_btn_url"]}
[12-Sep-2025 23:41:48 UTC] [api][52cc6ea96e79][INFO] cryptobot.invoice.extracted {"from":"data.payload","src":{"invoice_id":"data.payload.invoice_id","status":"data.payload.status","amount":"data.payload.amount","currency":"data.payload.fiat","payload":"data.payload.payload","created_at":"data.payload.created_at"},"invoice_id":"741892","status":"paid","amount":8,"currency":"USD","has_payload":true}
[12-Sep-2025 23:41:48 UTC] [api][52cc6ea96e79][INFO] cryptobot.payload.kv {"uid":84895335,"plan":"6m","days":186}
[12-Sep-2025 23:41:48 UTC] [api][52cc6ea96e79][ERROR] unhandled {"ex":"SQLSTATE[HY000]: General error: 1 table users has no column named created_at"}
[12-Sep-2025 23:41:48 UTC] [api][52cc6ea96e79][WARN] bad_request: unhandled: SQLSTATE[HY000]: General error: 1 table users has no column named created_at
[12-Sep-2025 23:42:20 UTC] [api][e4600b1da737][INFO] request.begin {"action":"cryptobot","method":"POST","ip":"104.248.195.90"}
[12-Sep-2025 23:42:20 UTC] [api][e4600b1da737][INFO] db.connected {"driver":"sqlite"}
[12-Sep-2025 23:42:20 UTC] [api][e4600b1da737][INFO] db.bootstrap.begin {"sqlite":true}
[12-Sep-2025 23:42:20 UTC] [api][e4600b1da737][INFO] db.bootstrap.ok
[12-Sep-2025 23:42:20 UTC] [api][e4600b1da737][INFO] cryptobot.auth.check {"has_hdr_token":false,"has_hdr_secret":false,"has_qs_secret":false,"trusted_ip":true,"ip":"104.248.195.90","mode":"relaxed"}
[12-Sep-2025 23:42:20 UTC] [api][e4600b1da737][INFO] cryptobot.payload.recv {"bytes":1202,"preview":"{\"update_id\":1898970,\"update_type\":\"invoice_paid\",\"request_date\":\"2025-09-12T23:42:20.931Z\",\"payload\":{\"invoice_id\":741892,\"hash\":\"IV4nP71dEY1b\",\"currency_type\":\"fiat\",\"fiat\":\"USD\",\"amount\":\"8\",\"paid_asset\":\"USDT\",\"paid_amount\":\"7.99359529\",\"paid_fiat_rate\":\"1.00080122\",\"accepted_assets\":[\"USDT\",\"TON\",\"BTC\",\"ETH\",\"LTC\",\"BNB\",\"TRX\",\"USDC\"],\"fee_asset\":\"USDT\",\"fee_amount\":\"0.2398078587\",\"fee\":\"0.2398078587\",\"fee_in_usd\":\"0.23999999\",\"pay_url\":\"https://t.me/CryptoTestnetBot?start=IV4nP71dEY1b\",\"bot_invoice_url\":\"https://t.me/CryptoTestnetBot?start=IV4nP71dEY1b\",\"mini_app_invoice_url\":\"https://t.me/CryptoTestnetBot/app?startapp=invoice-IV4nP71dEY1b&mode=compact\",\"web_app_invoice_url\":\"https://testnet-app.send.tg/invoices/IV4nP71dEY1b\",\"description\":\"Premium 6m (186 days) for user 84895335\",\"status\":\"paid\",\"created_at\":\"2025-09-12T23:35:28.382Z\",\"allow_comments\":true,\"allow_anonymous\":true,\"paid_usd_rate\":\"1.00080122\",\"usd_rate\":\"1.00080122\",\"paid_at\":\"2025-09-12T23:41:12.390Z\",\"paid_anonymously\":false,\"hidden_message\":\"Thanks! You will be upgraded automatically after payment is confirmed.\",\"payload\":\"uid=84895335;plan=6m;days=186\",\"paid_btn_name\":\"openBot\",\"paid_btn_url\":\"https://t.me\"}}"}
[12-Sep-2025 23:42:20 UTC] [api][e4600b1da737][INFO] cryptobot.payload.parsed {"update_type":"invoice_paid","keys":["update_id","update_type","request_date","payload"]}
[12-Sep-2025 23:42:20 UTC] [api][e4600b1da737][INFO] cryptobot.invoice.keys {"where":"data.payload","keys":["invoice_id","hash","currency_type","fiat","amount","paid_asset","paid_amount","paid_fiat_rate","accepted_assets","fee_asset","fee_amount","fee","fee_in_usd","pay_url","bot_invoice_url","mini_app_invoice_url","web_app_invoice_url","description","status","created_at","allow_comments","allow_anonymous","paid_usd_rate","usd_rate","paid_at","paid_anonymously","hidden_message","payload","paid_btn_name","paid_btn_url"]}
[12-Sep-2025 23:42:20 UTC] [api][e4600b1da737][INFO] cryptobot.invoice.extracted {"from":"data.payload","src":{"invoice_id":"data.payload.invoice_id","status":"data.payload.status","amount":"data.payload.amount","currency":"data.payload.fiat","payload":"data.payload.payload","created_at":"data.payload.created_at"},"invoice_id":"741892","status":"paid","amount":8,"currency":"USD","has_payload":true}
[12-Sep-2025 23:42:20 UTC] [api][e4600b1da737][INFO] cryptobot.payload.kv {"uid":84895335,"plan":"6m","days":186}
[12-Sep-2025 23:42:20 UTC] [api][e4600b1da737][ERROR] unhandled {"ex":"SQLSTATE[HY000]: General error: 1 table users has no column named created_at"}
[12-Sep-2025 23:42:20 UTC] [api][e4600b1da737][WARN] bad_request: unhandled: SQLSTATE[HY000]: General error: 1 table users has no column named created_at
[12-Sep-2025 23:42:22 UTC] [api][232c7083fcc8][INFO] request.begin {"action":"cryptobot","method":"POST","ip":"104.248.195.90"}
[12-Sep-2025 23:42:22 UTC] [api][232c7083fcc8][INFO] db.connected {"driver":"sqlite"}
[12-Sep-2025 23:42:22 UTC] [api][232c7083fcc8][INFO] db.bootstrap.begin {"sqlite":true}
[12-Sep-2025 23:42:22 UTC] [api][232c7083fcc8][INFO] db.bootstrap.ok
[12-Sep-2025 23:42:22 UTC] [api][232c7083fcc8][INFO] cryptobot.auth.check {"has_hdr_token":false,"has_hdr_secret":false,"has_qs_secret":false,"trusted_ip":true,"ip":"104.248.195.90","mode":"relaxed"}
[12-Sep-2025 23:42:22 UTC] [api][232c7083fcc8][INFO] cryptobot.payload.recv {"bytes":1200,"preview":"{\"update_id\":1898933,\"update_type\":\"invoice_paid\",\"request_date\":\"2025-09-12T23:42:22.686Z\",\"payload\":{\"invoice_id\":741801,\"hash\":\"IVgg7fjoaz6v\",\"currency_type\":\"fiat\",\"fiat\":\"USD\",\"amount\":\"2\",\"paid_asset\":\"USDT\",\"paid_amount\":\"1.99837748\",\"paid_fiat_rate\":\"1.00081191\",\"accepted_assets\":[\"USDT\",\"TON\",\"BTC\",\"ETH\",\"LTC\",\"BNB\",\"TRX\",\"USDC\"],\"fee_asset\":\"USDT\",\"fee_amount\":\"0.0599513244\",\"fee\":\"0.0599513244\",\"fee_in_usd\":\"0.05999999\",\"pay_url\":\"https://t.me/CryptoTestnetBot?start=IVgg7fjoaz6v\",\"bot_invoice_url\":\"https://t.me/CryptoTestnetBot?start=IVgg7fjoaz6v\",\"mini_app_invoice_url\":\"https://t.me/CryptoTestnetBot/app?startapp=invoice-IVgg7fjoaz6v&mode=compact\",\"web_app_invoice_url\":\"https://testnet-app.send.tg/invoices/IVgg7fjoaz6v\",\"description\":\"Premium 1m (31 days) for user 84895335\",\"status\":\"paid\",\"created_at\":\"2025-09-12T22:08:38.974Z\",\"allow_comments\":true,\"allow_anonymous\":true,\"paid_usd_rate\":\"1.00081191\",\"usd_rate\":\"1.00081191\",\"paid_at\":\"2025-09-12T22:08:48.443Z\",\"paid_anonymously\":false,\"hidden_message\":\"Thanks! You will be upgraded automatically after payment is confirmed.\",\"payload\":\"uid=84895335;plan=1m;days=31\",\"paid_btn_name\":\"openBot\",\"paid_btn_url\":\"https://t.me\"}}"}
[12-Sep-2025 23:42:22 UTC] [api][232c7083fcc8][INFO] cryptobot.payload.parsed {"update_type":"invoice_paid","keys":["update_id","update_type","request_date","payload"]}
[12-Sep-2025 23:42:22 UTC] [api][232c7083fcc8][INFO] cryptobot.invoice.keys {"where":"data.payload","keys":["invoice_id","hash","currency_type","fiat","amount","paid_asset","paid_amount","paid_fiat_rate","accepted_assets","fee_asset","fee_amount","fee","fee_in_usd","pay_url","bot_invoice_url","mini_app_invoice_url","web_app_invoice_url","description","status","created_at","allow_comments","allow_anonymous","paid_usd_rate","usd_rate","paid_at","paid_anonymously","hidden_message","payload","paid_btn_name","paid_btn_url"]}
[12-Sep-2025 23:42:22 UTC] [api][232c7083fcc8][INFO] cryptobot.invoice.extracted {"from":"data.payload","src":{"invoice_id":"data.payload.invoice_id","status":"data.payload.status","amount":"data.payload.amount","currency":"data.payload.fiat","payload":"data.payload.payload","created_at":"data.payload.created_at"},"invoice_id":"741801","status":"paid","amount":2,"currency":"USD","has_payload":true}
[12-Sep-2025 23:42:22 UTC] [api][232c7083fcc8][INFO] cryptobot.payload.kv {"uid":84895335,"plan":"1m","days":31}
[12-Sep-2025 23:42:22 UTC] [api][232c7083fcc8][ERROR] unhandled {"ex":"SQLSTATE[HY000]: General error: 1 table users has no column named created_at"}
[12-Sep-2025 23:42:22 UTC] [api][232c7083fcc8][WARN] bad_request: unhandled: SQLSTATE[HY000]: General error: 1 table users has no column named created_at
[12-Sep-2025 23:42:32 UTC] [api][76f69cb07a7b][INFO] request.begin {"action":"cryptobot","method":"POST","ip":"104.248.195.90"}
[12-Sep-2025 23:42:32 UTC] [api][76f69cb07a7b][INFO] db.connected {"driver":"sqlite"}
[12-Sep-2025 23:42:32 UTC] [api][76f69cb07a7b][INFO] db.bootstrap.begin {"sqlite":true}
[12-Sep-2025 23:42:32 UTC] [api][76f69cb07a7b][INFO] db.bootstrap.ok
[12-Sep-2025 23:42:32 UTC] [api][76f69cb07a7b][INFO] cryptobot.auth.check {"has_hdr_token":false,"has_hdr_secret":false,"has_qs_secret":false,"trusted_ip":true,"ip":"104.248.195.90","mode":"relaxed"}
[12-Sep-2025 23:42:32 UTC] [api][76f69cb07a7b][INFO] cryptobot.payload.recv {"bytes":1200,"preview":"{\"update_id\":1898935,\"update_type\":\"invoice_paid\",\"request_date\":\"2025-09-12T23:42:32.559Z\",\"payload\":{\"invoice_id\":741825,\"hash\":\"IV7TpAimWI1O\",\"currency_type\":\"fiat\",\"fiat\":\"USD\",\"amount\":\"2\",\"paid_asset\":\"USDT\",\"paid_amount\":\"1.99842924\",\"paid_fiat_rate\":\"1.00078599\",\"accepted_assets\":[\"USDT\",\"TON\",\"BTC\",\"ETH\",\"LTC\",\"BNB\",\"TRX\",\"USDC\"],\"fee_asset\":\"USDT\",\"fee_amount\":\"0.0599528772\",\"fee\":\"0.0599528772\",\"fee_in_usd\":\"0.05999999\",\"pay_url\":\"https://t.me/CryptoTestnetBot?start=IV7TpAimWI1O\",\"bot_invoice_url\":\"https://t.me/CryptoTestnetBot?start=IV7TpAimWI1O\",\"mini_app_invoice_url\":\"https://t.me/CryptoTestnetBot/app?startapp=invoice-IV7TpAimWI1O&mode=compact\",\"web_app_invoice_url\":\"https://testnet-app.send.tg/invoices/IV7TpAimWI1O\",\"description\":\"Premium 1m (31 days) for user 84895335\",\"status\":\"paid\",\"created_at\":\"2025-09-12T22:33:54.699Z\",\"allow_comments\":true,\"allow_anonymous\":true,\"paid_usd_rate\":\"1.00078599\",\"usd_rate\":\"1.00078599\",\"paid_at\":\"2025-09-12T22:33:59.361Z\",\"paid_anonymously\":false,\"hidden_message\":\"Thanks! You will be upgraded automatically after payment is confirmed.\",\"payload\":\"uid=84895335;plan=1m;days=31\",\"paid_btn_name\":\"openBot\",\"paid_btn_url\":\"https://t.me\"}}"}
[12-Sep-2025 23:42:32 UTC] [api][76f69cb07a7b][INFO] cryptobot.payload.parsed {"update_type":"invoice_paid","keys":["update_id","update_type","request_date","payload"]}
[12-Sep-2025 23:42:32 UTC] [api][76f69cb07a7b][INFO] cryptobot.invoice.keys {"where":"data.payload","keys":["invoice_id","hash","currency_type","fiat","amount","paid_asset","paid_amount","paid_fiat_rate","accepted_assets","fee_asset","fee_amount","fee","fee_in_usd","pay_url","bot_invoice_url","mini_app_invoice_url","web_app_invoice_url","description","status","created_at","allow_comments","allow_anonymous","paid_usd_rate","usd_rate","paid_at","paid_anonymously","hidden_message","payload","paid_btn_name","paid_btn_url"]}
[12-Sep-2025 23:42:32 UTC] [api][76f69cb07a7b][INFO] cryptobot.invoice.extracted {"from":"data.payload","src":{"invoice_id":"data.payload.invoice_id","status":"data.payload.status","amount":"data.payload.amount","currency":"data.payload.fiat","payload":"data.payload.payload","created_at":"data.payload.created_at"},"invoice_id":"741825","status":"paid","amount":2,"currency":"USD","has_payload":true}
[12-Sep-2025 23:42:32 UTC] [api][76f69cb07a7b][INFO] cryptobot.payload.kv {"uid":84895335,"plan":"1m","days":31}
[12-Sep-2025 23:42:32 UTC] [api][76f69cb07a7b][ERROR] unhandled {"ex":"SQLSTATE[HY000]: General error: 1 table users has no column named created_at"}
[12-Sep-2025 23:42:32 UTC] [api][76f69cb07a7b][WARN] bad_request: unhandled: SQLSTATE[HY000]: General error: 1 table users has no column named created_at
[12-Sep-2025 23:43:03 UTC] [api][a7770bf7de40][INFO] request.begin {"action":"cryptobot","method":"POST","ip":"104.248.195.90"}
[12-Sep-2025 23:43:03 UTC] [api][a7770bf7de40][INFO] db.connected {"driver":"sqlite"}
[12-Sep-2025 23:43:03 UTC] [api][a7770bf7de40][INFO] db.bootstrap.begin {"sqlite":true}
[12-Sep-2025 23:43:03 UTC] [api][a7770bf7de40][INFO] db.bootstrap.ok
[12-Sep-2025 23:43:03 UTC] [api][a7770bf7de40][INFO] cryptobot.auth.check {"has_hdr_token":false,"has_hdr_secret":false,"has_qs_secret":false,"trusted_ip":true,"ip":"104.248.195.90","mode":"relaxed"}
[12-Sep-2025 23:43:03 UTC] [api][a7770bf7de40][INFO] cryptobot.payload.recv {"bytes":1202,"preview":"{\"update_id\":1898941,\"update_type\":\"invoice_paid\",\"request_date\":\"2025-09-12T23:43:03.248Z\",\"payload\":{\"invoice_id\":741886,\"hash\":\"IV9HMAo6uJ5X\",\"currency_type\":\"fiat\",\"fiat\":\"USD\",\"amount\":\"8\",\"paid_asset\":\"USDT\",\"paid_amount\":\"7.99379026\",\"paid_fiat_rate\":\"1.00077681\",\"accepted_assets\":[\"USDT\",\"TON\",\"BTC\",\"ETH\",\"LTC\",\"BNB\",\"TRX\",\"USDC\"],\"fee_asset\":\"USDT\",\"fee_amount\":\"0.2398137078\",\"fee\":\"0.2398137078\",\"fee_in_usd\":\"0.23999999\",\"pay_url\":\"https://t.me/CryptoTestnetBot?start=IV9HMAo6uJ5X\",\"bot_invoice_url\":\"https://t.me/CryptoTestnetBot?start=IV9HMAo6uJ5X\",\"mini_app_invoice_url\":\"https://t.me/CryptoTestnetBot/app?startapp=invoice-IV9HMAo6uJ5X&mode=compact\",\"web_app_invoice_url\":\"https://testnet-app.send.tg/invoices/IV9HMAo6uJ5X\",\"description\":\"Premium 6m (186 days) for user 84895335\",\"status\":\"paid\",\"created_at\":\"2025-09-12T23:24:24.532Z\",\"allow_comments\":true,\"allow_anonymous\":true,\"paid_usd_rate\":\"1.00077681\",\"usd_rate\":\"1.00077681\",\"paid_at\":\"2025-09-12T23:24:31.718Z\",\"paid_anonymously\":false,\"hidden_message\":\"Thanks! You will be upgraded automatically after payment is confirmed.\",\"payload\":\"uid=84895335;plan=6m;days=186\",\"paid_btn_name\":\"openBot\",\"paid_btn_url\":\"https://t.me\"}}"}
[12-Sep-2025 23:43:03 UTC] [api][a7770bf7de40][INFO] cryptobot.payload.parsed {"update_type":"invoice_paid","keys":["update_id","update_type","request_date","payload"]}
[12-Sep-2025 23:43:03 UTC] [api][a7770bf7de40][INFO] cryptobot.invoice.keys {"where":"data.payload","keys":["invoice_id","hash","currency_type","fiat","amount","paid_asset","paid_amount","paid_fiat_rate","accepted_assets","fee_asset","fee_amount","fee","fee_in_usd","pay_url","bot_invoice_url","mini_app_invoice_url","web_app_invoice_url","description","status","created_at","allow_comments","allow_anonymous","paid_usd_rate","usd_rate","paid_at","paid_anonymously","hidden_message","payload","paid_btn_name","paid_btn_url"]}
[12-Sep-2025 23:43:03 UTC] [api][a7770bf7de40][INFO] cryptobot.invoice.extracted {"from":"data.payload","src":{"invoice_id":"data.payload.invoice_id","status":"data.payload.status","amount":"data.payload.amount","currency":"data.payload.fiat","payload":"data.payload.payload","created_at":"data.payload.created_at"},"invoice_id":"741886","status":"paid","amount":8,"currency":"USD","has_payload":true}
[12-Sep-2025 23:43:03 UTC] [api][a7770bf7de40][INFO] cryptobot.payload.kv {"uid":84895335,"plan":"6m","days":186}
[12-Sep-2025 23:43:03 UTC] [api][a7770bf7de40][ERROR] unhandled {"ex":"SQLSTATE[HY000]: General error: 1 table users has no column named created_at"}
[12-Sep-2025 23:43:03 UTC] [api][a7770bf7de40][WARN] bad_request: unhandled: SQLSTATE[HY000]: General error: 1 table users has no column named created_at
[12-Sep-2025 23:43:25 UTC] [api][86f0bd87e7fa][INFO] request.begin {"action":"cryptobot","method":"POST","ip":"104.248.195.90"}
[12-Sep-2025 23:43:25 UTC] [api][86f0bd87e7fa][INFO] db.connected {"driver":"sqlite"}
[12-Sep-2025 23:43:25 UTC] [api][86f0bd87e7fa][INFO] db.bootstrap.begin {"sqlite":true}
[12-Sep-2025 23:43:25 UTC] [api][86f0bd87e7fa][INFO] db.bootstrap.ok
[12-Sep-2025 23:43:25 UTC] [api][86f0bd87e7fa][INFO] cryptobot.auth.check {"has_hdr_token":false,"has_hdr_secret":false,"has_qs_secret":false,"trusted_ip":true,"ip":"104.248.195.90","mode":"relaxed"}
[12-Sep-2025 23:43:25 UTC] [api][86f0bd87e7fa][INFO] cryptobot.payload.recv {"bytes":1202,"preview":"{\"update_id\":1898973,\"update_type\":\"invoice_paid\",\"request_date\":\"2025-09-12T23:43:25.077Z\",\"payload\":{\"invoice_id\":741892,\"hash\":\"IV4nP71dEY1b\",\"currency_type\":\"fiat\",\"fiat\":\"USD\",\"amount\":\"8\",\"paid_asset\":\"USDT\",\"paid_amount\":\"7.99359529\",\"paid_fiat_rate\":\"1.00080122\",\"accepted_assets\":[\"USDT\",\"TON\",\"BTC\",\"ETH\",\"LTC\",\"BNB\",\"TRX\",\"USDC\"],\"fee_asset\":\"USDT\",\"fee_amount\":\"0.2398078587\",\"fee\":\"0.2398078587\",\"fee_in_usd\":\"0.23999999\",\"pay_url\":\"https://t.me/CryptoTestnetBot?start=IV4nP71dEY1b\",\"bot_invoice_url\":\"https://t.me/CryptoTestnetBot?start=IV4nP71dEY1b\",\"mini_app_invoice_url\":\"https://t.me/CryptoTestnetBot/app?startapp=invoice-IV4nP71dEY1b&mode=compact\",\"web_app_invoice_url\":\"https://testnet-app.send.tg/invoices/IV4nP71dEY1b\",\"description\":\"Premium 6m (186 days) for user 84895335\",\"status\":\"paid\",\"created_at\":\"2025-09-12T23:35:28.382Z\",\"allow_comments\":true,\"allow_anonymous\":true,\"paid_usd_rate\":\"1.00080122\",\"usd_rate\":\"1.00080122\",\"paid_at\":\"2025-09-12T23:41:12.390Z\",\"paid_anonymously\":false,\"hidden_message\":\"Thanks! You will be upgraded automatically after payment is confirmed.\",\"payload\":\"uid=84895335;plan=6m;days=186\",\"paid_btn_name\":\"openBot\",\"paid_btn_url\":\"https://t.me\"}}"}
[12-Sep-2025 23:43:25 UTC] [api][86f0bd87e7fa][INFO] cryptobot.payload.parsed {"update_type":"invoice_paid","keys":["update_id","update_type","request_date","payload"]}
[12-Sep-2025 23:43:25 UTC] [api][86f0bd87e7fa][INFO] cryptobot.invoice.keys {"where":"data.payload","keys":["invoice_id","hash","currency_type","fiat","amount","paid_asset","paid_amount","paid_fiat_rate","accepted_assets","fee_asset","fee_amount","fee","fee_in_usd","pay_url","bot_invoice_url","mini_app_invoice_url","web_app_invoice_url","description","status","created_at","allow_comments","allow_anonymous","paid_usd_rate","usd_rate","paid_at","paid_anonymously","hidden_message","payload","paid_btn_name","paid_btn_url"]}
[12-Sep-2025 23:43:25 UTC] [api][86f0bd87e7fa][INFO] cryptobot.invoice.extracted {"from":"data.payload","src":{"invoice_id":"data.payload.invoice_id","status":"data.payload.status","amount":"data.payload.amount","currency":"data.payload.fiat","payload":"data.payload.payload","created_at":"data.payload.created_at"},"invoice_id":"741892","status":"paid","amount":8,"currency":"USD","has_payload":true}
[12-Sep-2025 23:43:25 UTC] [api][86f0bd87e7fa][INFO] cryptobot.payload.kv {"uid":84895335,"plan":"6m","days":186}
[12-Sep-2025 23:43:25 UTC] [api][86f0bd87e7fa][ERROR] unhandled {"ex":"SQLSTATE[HY000]: General error: 1 table users has no column named created_at"}
[12-Sep-2025 23:43:25 UTC] [api][86f0bd87e7fa][WARN] bad_request: unhandled: SQLSTATE[HY000]: General error: 1 table users has no column named created_at
[12-Sep-2025 23:43:47 UTC] [api][bf8fd60c3a87][INFO] request.begin {"action":"cryptobot","method":"POST","ip":"104.248.195.90"}
[12-Sep-2025 23:43:47 UTC] [api][bf8fd60c3a87][INFO] db.connected {"driver":"sqlite"}
[12-Sep-2025 23:43:47 UTC] [api][bf8fd60c3a87][INFO] db.bootstrap.begin {"sqlite":true}
[12-Sep-2025 23:43:47 UTC] [api][bf8fd60c3a87][INFO] db.bootstrap.ok
[12-Sep-2025 23:43:47 UTC] [api][bf8fd60c3a87][INFO] cryptobot.auth.check {"has_hdr_token":false,"has_hdr_secret":false,"has_qs_secret":false,"trusted_ip":true,"ip":"104.248.195.90","mode":"relaxed"}
[12-Sep-2025 23:43:47 UTC] [api][bf8fd60c3a87][INFO] cryptobot.payload.recv {"bytes":1206,"preview":"{\"update_id\":1898942,\"update_type\":\"invoice_paid\",\"request_date\":\"2025-09-12T23:43:47.335Z\",\"payload\":{\"invoice_id\":741838,\"hash\":\"IVVLyfWCkmqd\",\"currency_type\":\"fiat\",\"fiat\":\"USD\",\"amount\":\"15\",\"paid_asset\":\"USDT\",\"paid_amount\":\"14.98936878\",\"paid_fiat_rate\":\"1.00070925\",\"accepted_assets\":[\"USDT\",\"TON\",\"BTC\",\"ETH\",\"LTC\",\"BNB\",\"TRX\",\"USDC\"],\"fee_asset\":\"USDT\",\"fee_amount\":\"0.4496810634\",\"fee\":\"0.4496810634\",\"fee_in_usd\":\"0.44999999\",\"pay_url\":\"https://t.me/CryptoTestnetBot?start=IVVLyfWCkmqd\",\"bot_invoice_url\":\"https://t.me/CryptoTestnetBot?start=IVVLyfWCkmqd\",\"mini_app_invoice_url\":\"https://t.me/CryptoTestnetBot/app?startapp=invoice-IVVLyfWCkmqd&mode=compact\",\"web_app_invoice_url\":\"https://testnet-app.send.tg/invoices/IVVLyfWCkmqd\",\"description\":\"Premium 12m (372 days) for user 84895335\",\"status\":\"paid\",\"created_at\":\"2025-09-12T22:57:55.485Z\",\"allow_comments\":true,\"allow_anonymous\":true,\"paid_usd_rate\":\"1.00070925\",\"usd_rate\":\"1.00070925\",\"paid_at\":\"2025-09-12T23:10:15.626Z\",\"paid_anonymously\":false,\"hidden_message\":\"Thanks! You will be upgraded automatically after payment is confirmed.\",\"payload\":\"uid=84895335;plan=12m;days=372\",\"paid_btn_name\":\"openBot\",\"paid_btn_url\":\"https://t.me\"}}"}
[12-Sep-2025 23:43:47 UTC] [api][bf8fd60c3a87][INFO] cryptobot.payload.parsed {"update_type":"invoice_paid","keys":["update_id","update_type","request_date","payload"]}
[12-Sep-2025 23:43:47 UTC] [api][bf8fd60c3a87][INFO] cryptobot.invoice.keys {"where":"data.payload","keys":["invoice_id","hash","currency_type","fiat","amount","paid_asset","paid_amount","paid_fiat_rate","accepted_assets","fee_asset","fee_amount","fee","fee_in_usd","pay_url","bot_invoice_url","mini_app_invoice_url","web_app_invoice_url","description","status","created_at","allow_comments","allow_anonymous","paid_usd_rate","usd_rate","paid_at","paid_anonymously","hidden_message","payload","paid_btn_name","paid_btn_url"]}
[12-Sep-2025 23:43:47 UTC] [api][bf8fd60c3a87][INFO] cryptobot.invoice.extracted {"from":"data.payload","src":{"invoice_id":"data.payload.invoice_id","status":"data.payload.status","amount":"data.payload.amount","currency":"data.payload.fiat","payload":"data.payload.payload","created_at":"data.payload.created_at"},"invoice_id":"741838","status":"paid","amount":15,"currency":"USD","has_payload":true}
[12-Sep-2025 23:43:47 UTC] [api][bf8fd60c3a87][INFO] cryptobot.payload.kv {"uid":84895335,"plan":"12m","days":372}
[12-Sep-2025 23:43:47 UTC] [api][bf8fd60c3a87][ERROR] unhandled {"ex":"SQLSTATE[HY000]: General error: 1 table users has no column named created_at"}
[12-Sep-2025 23:43:47 UTC] [api][bf8fd60c3a87][WARN] bad_request: unhandled: SQLSTATE[HY000]: General error: 1 table users has no column named created_at
[12-Sep-2025 23:44:05 UTC] [api][0f767d03ef42][INFO] request.begin {"action":"cryptobot","method":"POST","ip":"104.248.195.90"}
[12-Sep-2025 23:44:05 UTC] [api][0f767d03ef42][INFO] db.connected {"driver":"sqlite"}
[12-Sep-2025 23:44:05 UTC] [api][0f767d03ef42][INFO] db.bootstrap.begin {"sqlite":true}
[12-Sep-2025 23:44:05 UTC] [api][0f767d03ef42][INFO] db.bootstrap.ok
[12-Sep-2025 23:44:05 UTC] [api][0f767d03ef42][INFO] cryptobot.auth.check {"has_hdr_token":false,"has_hdr_secret":false,"has_qs_secret":false,"trusted_ip":true,"ip":"104.248.195.90","mode":"relaxed"}
[12-Sep-2025 23:44:05 UTC] [api][0f767d03ef42][INFO] cryptobot.payload.recv {"bytes":1206,"preview":"{\"update_id\":1898949,\"update_type\":\"invoice_paid\",\"request_date\":\"2025-09-12T23:44:04.955Z\",\"payload\":{\"invoice_id\":741893,\"hash\":\"IVKve9cRJNE4\",\"currency_type\":\"fiat\",\"fiat\":\"USD\",\"amount\":\"15\",\"paid_asset\":\"USDT\",\"paid_amount\":\"14.99002149\",\"paid_fiat_rate\":\"1.00066567\",\"accepted_assets\":[\"USDT\",\"TON\",\"BTC\",\"ETH\",\"LTC\",\"BNB\",\"TRX\",\"USDC\"],\"fee_asset\":\"USDT\",\"fee_amount\":\"0.4497006447\",\"fee\":\"0.4497006447\",\"fee_in_usd\":\"0.44999999\",\"pay_url\":\"https://t.me/CryptoTestnetBot?start=IVKve9cRJNE4\",\"bot_invoice_url\":\"https://t.me/CryptoTestnetBot?start=IVKve9cRJNE4\",\"mini_app_invoice_url\":\"https://t.me/CryptoTestnetBot/app?startapp=invoice-IVKve9cRJNE4&mode=compact\",\"web_app_invoice_url\":\"https://testnet-app.send.tg/invoices/IVKve9cRJNE4\",\"description\":\"Premium 12m (372 days) for user 84895335\",\"status\":\"paid\",\"created_at\":\"2025-09-12T23:35:28.387Z\",\"allow_comments\":true,\"allow_anonymous\":true,\"paid_usd_rate\":\"1.00066567\",\"usd_rate\":\"1.00066567\",\"paid_at\":\"2025-09-12T23:35:33.813Z\",\"paid_anonymously\":false,\"hidden_message\":\"Thanks! You will be upgraded automatically after payment is confirmed.\",\"payload\":\"uid=84895335;plan=12m;days=372\",\"paid_btn_name\":\"openBot\",\"paid_btn_url\":\"https://t.me\"}}"}
[12-Sep-2025 23:44:05 UTC] [api][0f767d03ef42][INFO] cryptobot.payload.parsed {"update_type":"invoice_paid","keys":["update_id","update_type","request_date","payload"]}
[12-Sep-2025 23:44:05 UTC] [api][0f767d03ef42][INFO] cryptobot.invoice.keys {"where":"data.payload","keys":["invoice_id","hash","currency_type","fiat","amount","paid_asset","paid_amount","paid_fiat_rate","accepted_assets","fee_asset","fee_amount","fee","fee_in_usd","pay_url","bot_invoice_url","mini_app_invoice_url","web_app_invoice_url","description","status","created_at","allow_comments","allow_anonymous","paid_usd_rate","usd_rate","paid_at","paid_anonymously","hidden_message","payload","paid_btn_name","paid_btn_url"]}
[12-Sep-2025 23:44:05 UTC] [api][0f767d03ef42][INFO] cryptobot.invoice.extracted {"from":"data.payload","src":{"invoice_id":"data.payload.invoice_id","status":"data.payload.status","amount":"data.payload.amount","currency":"data.payload.fiat","payload":"data.payload.payload","created_at":"data.payload.created_at"},"invoice_id":"741893","status":"paid","amount":15,"currency":"USD","has_payload":true}
[12-Sep-2025 23:44:05 UTC] [api][0f767d03ef42][INFO] cryptobot.payload.kv {"uid":84895335,"plan":"12m","days":372}
[12-Sep-2025 23:44:05 UTC] [api][0f767d03ef42][ERROR] unhandled {"ex":"SQLSTATE[HY000]: General error: 1 table users has no column named created_at"}
[12-Sep-2025 23:44:05 UTC] [api][0f767d03ef42][WARN] bad_request: unhandled: SQLSTATE[HY000]: General error: 1 table users has no column named created_at
[12-Sep-2025 23:44:22 UTC] [api][ee188c2c63e7][INFO] request.begin {"action":"cryptobot","method":"POST","ip":"104.248.195.90"}
[12-Sep-2025 23:44:22 UTC] [api][ee188c2c63e7][INFO] db.connected {"driver":"sqlite"}
[12-Sep-2025 23:44:22 UTC] [api][ee188c2c63e7][INFO] db.bootstrap.begin {"sqlite":true}
[12-Sep-2025 23:44:22 UTC] [api][ee188c2c63e7][INFO] db.bootstrap.ok
[12-Sep-2025 23:44:22 UTC] [api][ee188c2c63e7][INFO] cryptobot.auth.check {"has_hdr_token":false,"has_hdr_secret":false,"has_qs_secret":false,"trusted_ip":true,"ip":"104.248.195.90","mode":"relaxed"}
[12-Sep-2025 23:44:22 UTC] [api][ee188c2c63e7][INFO] cryptobot.payload.recv {"bytes":1202,"preview":"{\"update_id\":1898944,\"update_type\":\"invoice_paid\",\"request_date\":\"2025-09-12T23:44:22.677Z\",\"payload\":{\"invoice_id\":741872,\"hash\":\"IVRjKbWkTnvG\",\"currency_type\":\"fiat\",\"fiat\":\"USD\",\"amount\":\"8\",\"paid_asset\":\"USDT\",\"paid_amount\":\"7.99433002\",\"paid_fiat_rate\":\"1.00070925\",\"accepted_assets\":[\"USDT\",\"TON\",\"BTC\",\"ETH\",\"LTC\",\"BNB\",\"TRX\",\"USDC\"],\"fee_asset\":\"USDT\",\"fee_amount\":\"0.2398299006\",\"fee\":\"0.2398299006\",\"fee_in_usd\":\"0.23999999\",\"pay_url\":\"https://t.me/CryptoTestnetBot?start=IVRjKbWkTnvG\",\"bot_invoice_url\":\"https://t.me/CryptoTestnetBot?start=IVRjKbWkTnvG\",\"mini_app_invoice_url\":\"https://t.me/CryptoTestnetBot/app?startapp=invoice-IVRjKbWkTnvG&mode=compact\",\"web_app_invoice_url\":\"https://testnet-app.send.tg/invoices/IVRjKbWkTnvG\",\"description\":\"Premium 6m (186 days) for user 84895335\",\"status\":\"paid\",\"created_at\":\"2025-09-12T23:10:46.543Z\",\"allow_comments\":true,\"allow_anonymous\":true,\"paid_usd_rate\":\"1.00070925\",\"usd_rate\":\"1.00070925\",\"paid_at\":\"2025-09-12T23:10:50.684Z\",\"paid_anonymously\":false,\"hidden_message\":\"Thanks! You will be upgraded automatically after payment is confirmed.\",\"payload\":\"uid=84895335;plan=6m;days=186\",\"paid_btn_name\":\"openBot\",\"paid_btn_url\":\"https://t.me\"}}"}
[12-Sep-2025 23:44:22 UTC] [api][ee188c2c63e7][INFO] cryptobot.payload.parsed {"update_type":"invoice_paid","keys":["update_id","update_type","request_date","payload"]}
[12-Sep-2025 23:44:22 UTC] [api][ee188c2c63e7][INFO] cryptobot.invoice.keys {"where":"data.payload","keys":["invoice_id","hash","currency_type","fiat","amount","paid_asset","paid_amount","paid_fiat_rate","accepted_assets","fee_asset","fee_amount","fee","fee_in_usd","pay_url","bot_invoice_url","mini_app_invoice_url","web_app_invoice_url","description","status","created_at","allow_comments","allow_anonymous","paid_usd_rate","usd_rate","paid_at","paid_anonymously","hidden_message","payload","paid_btn_name","paid_btn_url"]}
[12-Sep-2025 23:44:22 UTC] [api][ee188c2c63e7][INFO] cryptobot.invoice.extracted {"from":"data.payload","src":{"invoice_id":"data.payload.invoice_id","status":"data.payload.status","amount":"data.payload.amount","currency":"data.payload.fiat","payload":"data.payload.payload","created_at":"data.payload.created_at"},"invoice_id":"741872","status":"paid","amount":8,"currency":"USD","has_payload":true}
[12-Sep-2025 23:44:22 UTC] [api][ee188c2c63e7][INFO] cryptobot.payload.kv {"uid":84895335,"plan":"6m","days":186}
[12-Sep-2025 23:44:22 UTC] [api][ee188c2c63e7][ERROR] unhandled {"ex":"SQLSTATE[HY000]: General error: 1 table users has no column named created_at"}
[12-Sep-2025 23:44:22 UTC] [api][ee188c2c63e7][WARN] bad_request: unhandled: SQLSTATE[HY000]: General error: 1 table users has no column named created_at
[12-Sep-2025 23:44:34 UTC] [api][099c91042a65][INFO] request.begin {"action":"cryptobot","method":"POST","ip":"104.248.195.90"}
[12-Sep-2025 23:44:34 UTC] [api][099c91042a65][INFO] db.connected {"driver":"sqlite"}
[12-Sep-2025 23:44:34 UTC] [api][099c91042a65][INFO] db.bootstrap.begin {"sqlite":true}
[12-Sep-2025 23:44:34 UTC] [api][099c91042a65][INFO] db.bootstrap.ok
[12-Sep-2025 23:44:34 UTC] [api][099c91042a65][INFO] cryptobot.auth.check {"has_hdr_token":false,"has_hdr_secret":false,"has_qs_secret":false,"trusted_ip":true,"ip":"104.248.195.90","mode":"relaxed"}
[12-Sep-2025 23:44:34 UTC] [api][099c91042a65][INFO] cryptobot.payload.recv {"bytes":1200,"preview":"{\"update_id\":1898945,\"update_type\":\"invoice_paid\",\"request_date\":\"2025-09-12T23:44:34.119Z\",\"payload\":{\"invoice_id\":741803,\"hash\":\"IV2aTxRJUGbw\",\"currency_type\":\"fiat\",\"fiat\":\"USD\",\"amount\":\"5\",\"paid_asset\":\"USDT\",\"paid_amount\":\"4.99617179\",\"paid_fiat_rate\":\"1.00076622\",\"accepted_assets\":[\"USDT\",\"TON\",\"BTC\",\"ETH\",\"LTC\",\"BNB\",\"TRX\",\"USDC\"],\"fee_asset\":\"USDT\",\"fee_amount\":\"0.1498851537\",\"fee\":\"0.1498851537\",\"fee_in_usd\":\"0.14999999\",\"pay_url\":\"https://t.me/CryptoTestnetBot?start=IV2aTxRJUGbw\",\"bot_invoice_url\":\"https://t.me/CryptoTestnetBot?start=IV2aTxRJUGbw\",\"mini_app_invoice_url\":\"https://t.me/CryptoTestnetBot/app?startapp=invoice-IV2aTxRJUGbw&mode=compact\",\"web_app_invoice_url\":\"https://testnet-app.send.tg/invoices/IV2aTxRJUGbw\",\"description\":\"Premium 3m (93 days) for user 84895335\",\"status\":\"paid\",\"created_at\":\"2025-09-12T22:08:39.010Z\",\"allow_comments\":true,\"allow_anonymous\":true,\"paid_usd_rate\":\"1.00076622\",\"usd_rate\":\"1.00076622\",\"paid_at\":\"2025-09-12T22:16:00.294Z\",\"paid_anonymously\":false,\"hidden_message\":\"Thanks! You will be upgraded automatically after payment is confirmed.\",\"payload\":\"uid=84895335;plan=3m;days=93\",\"paid_btn_name\":\"openBot\",\"paid_btn_url\":\"https://t.me\"}}"}
[12-Sep-2025 23:44:34 UTC] [api][099c91042a65][INFO] cryptobot.payload.parsed {"update_type":"invoice_paid","keys":["update_id","update_type","request_date","payload"]}
[12-Sep-2025 23:44:34 UTC] [api][099c91042a65][INFO] cryptobot.invoice.keys {"where":"data.payload","keys":["invoice_id","hash","currency_type","fiat","amount","paid_asset","paid_amount","paid_fiat_rate","accepted_assets","fee_asset","fee_amount","fee","fee_in_usd","pay_url","bot_invoice_url","mini_app_invoice_url","web_app_invoice_url","description","status","created_at","allow_comments","allow_anonymous","paid_usd_rate","usd_rate","paid_at","paid_anonymously","hidden_message","payload","paid_btn_name","paid_btn_url"]}
[12-Sep-2025 23:44:34 UTC] [api][099c91042a65][INFO] cryptobot.invoice.extracted {"from":"data.payload","src":{"invoice_id":"data.payload.invoice_id","status":"data.payload.status","amount":"data.payload.amount","currency":"data.payload.fiat","payload":"data.payload.payload","created_at":"data.payload.created_at"},"invoice_id":"741803","status":"paid","amount":5,"currency":"USD","has_payload":true}
[12-Sep-2025 23:44:34 UTC] [api][099c91042a65][INFO] cryptobot.payload.kv {"uid":84895335,"plan":"3m","days":93}
[12-Sep-2025 23:44:34 UTC] [api][099c91042a65][ERROR] unhandled {"ex":"SQLSTATE[HY000]: General error: 1 table users has no column named created_at"}
[12-Sep-2025 23:44:34 UTC] [api][099c91042a65][WARN] bad_request: unhandled: SQLSTATE[HY000]: General error: 1 table users has no column named created_at
[12-Sep-2025 23:44:56 UTC] [api][cb473bdf967f][INFO] request.begin {"action":"cryptobot","method":"POST","ip":"104.248.195.90"}
[12-Sep-2025 23:44:56 UTC] [api][cb473bdf967f][INFO] db.connected {"driver":"sqlite"}
[12-Sep-2025 23:44:56 UTC] [api][cb473bdf967f][INFO] db.bootstrap.begin {"sqlite":true}
[12-Sep-2025 23:44:56 UTC] [api][cb473bdf967f][INFO] db.bootstrap.ok
[12-Sep-2025 23:44:56 UTC] [api][cb473bdf967f][INFO] cryptobot.auth.check {"has_hdr_token":false,"has_hdr_secret":false,"has_qs_secret":false,"trusted_ip":true,"ip":"104.248.195.90","mode":"relaxed"}
[12-Sep-2025 23:44:56 UTC] [api][cb473bdf967f][INFO] cryptobot.payload.recv {"bytes":1200,"preview":"{\"update_id\":1898950,\"update_type\":\"invoice_paid\",\"request_date\":\"2025-09-12T23:44:56.202Z\",\"payload\":{\"invoice_id\":741839,\"hash\":\"IVK8SjbPdXtM\",\"currency_type\":\"fiat\",\"fiat\":\"USD\",\"amount\":\"5\",\"paid_asset\":\"USDT\",\"paid_amount\":\"4.99599091\",\"paid_fiat_rate\":\"1.00080246\",\"accepted_assets\":[\"USDT\",\"TON\",\"BTC\",\"ETH\",\"LTC\",\"BNB\",\"TRX\",\"USDC\"],\"fee_asset\":\"USDT\",\"fee_amount\":\"0.1498797273\",\"fee\":\"0.1498797273\",\"fee_in_usd\":\"0.14999999\",\"pay_url\":\"https://t.me/CryptoTestnetBot?start=IVK8SjbPdXtM\",\"bot_invoice_url\":\"https://t.me/CryptoTestnetBot?start=IVK8SjbPdXtM\",\"mini_app_invoice_url\":\"https://t.me/CryptoTestnetBot/app?startapp=invoice-IVK8SjbPdXtM&mode=compact\",\"web_app_invoice_url\":\"https://testnet-app.send.tg/invoices/IVK8SjbPdXtM\",\"description\":\"Premium 3m (93 days) for user 84895335\",\"status\":\"paid\",\"created_at\":\"2025-09-12T22:57:55.504Z\",\"allow_comments\":true,\"allow_anonymous\":true,\"paid_usd_rate\":\"1.00080246\",\"usd_rate\":\"1.00080246\",\"paid_at\":\"2025-09-12T23:06:24.316Z\",\"paid_anonymously\":false,\"hidden_message\":\"Thanks! You will be upgraded automatically after payment is confirmed.\",\"payload\":\"uid=84895335;plan=3m;days=93\",\"paid_btn_name\":\"openBot\",\"paid_btn_url\":\"https://t.me\"}}"}
[12-Sep-2025 23:44:56 UTC] [api][cb473bdf967f][INFO] cryptobot.payload.parsed {"update_type":"invoice_paid","keys":["update_id","update_type","request_date","payload"]}
[12-Sep-2025 23:44:56 UTC] [api][cb473bdf967f][INFO] cryptobot.invoice.keys {"where":"data.payload","keys":["invoice_id","hash","currency_type","fiat","amount","paid_asset","paid_amount","paid_fiat_rate","accepted_assets","fee_asset","fee_amount","fee","fee_in_usd","pay_url","bot_invoice_url","mini_app_invoice_url","web_app_invoice_url","description","status","created_at","allow_comments","allow_anonymous","paid_usd_rate","usd_rate","paid_at","paid_anonymously","hidden_message","payload","paid_btn_name","paid_btn_url"]}
[12-Sep-2025 23:44:56 UTC] [api][cb473bdf967f][INFO] cryptobot.invoice.extracted {"from":"data.payload","src":{"invoice_id":"data.payload.invoice_id","status":"data.payload.status","amount":"data.payload.amount","currency":"data.payload.fiat","payload":"data.payload.payload","created_at":"data.payload.created_at"},"invoice_id":"741839","status":"paid","amount":5,"currency":"USD","has_payload":true}
[12-Sep-2025 23:44:56 UTC] [api][cb473bdf967f][INFO] cryptobot.payload.kv {"uid":84895335,"plan":"3m","days":93}
[12-Sep-2025 23:44:56 UTC] [api][cb473bdf967f][ERROR] unhandled {"ex":"SQLSTATE[HY000]: General error: 1 table users has no column named created_at"}
[12-Sep-2025 23:44:56 UTC] [api][cb473bdf967f][WARN] bad_request: unhandled: SQLSTATE[HY000]: General error: 1 table users has no column named created_at
[12-Sep-2025 23:45:18 UTC] [api][26b34c0ee23b][INFO] request.begin {"action":"cryptobot","method":"POST","ip":"104.248.195.90"}
[12-Sep-2025 23:45:18 UTC] [api][26b34c0ee23b][INFO] db.connected {"driver":"sqlite"}
[12-Sep-2025 23:45:18 UTC] [api][26b34c0ee23b][INFO] db.bootstrap.begin {"sqlite":true}
[12-Sep-2025 23:45:18 UTC] [api][26b34c0ee23b][INFO] db.bootstrap.ok 
[12-Sep-2025 23:45:18 UTC] [api][26b34c0ee23b][INFO] cryptobot.auth.check {"has_hdr_token":false,"has_hdr_secret":false,"has_qs_secret":false,"trusted_ip":true,"ip":"104.248.195.90","mode":"relaxed"}
[12-Sep-2025 23:45:18 UTC] [api][26b34c0ee23b][INFO] cryptobot.auth.ok {"by":"ip","ip":"104.248.195.90"}
[12-Sep-2025 23:45:18 UTC] [api][26b34c0ee23b][INFO] cryptobot.payload.recv {"bytes":1200,"preview":"{\"update_id\":1898996,\"update_type\":\"invoice_paid\",\"request_date\":\"2025-09-12T23:45:18.124Z\",\"payload\":{\"invoice_id\":741895,\"hash\":\"IVoPNN05avd3\",\"currency_type\":\"fiat\",\"fiat\":\"USD\",\"amount\":\"5\",\"paid_asset\":\"USDT\",\"paid_amount\":\"4.99629816\",\"paid_fiat_rate\":\"1.00074091\",\"accepted_assets\":[\"USDT\",\"TON\",\"BTC\",\"ETH\",\"LTC\",\"BNB\",\"TRX\",\"USDC\"],\"fee_asset\":\"USDT\",\"fee_amount\":\"0.1498889448\",\"fee\":\"0.149"}
[12-Sep-2025 23:45:18 UTC] [api][26b34c0ee23b][INFO] cryptobot.payload.parsed {"update_type":"invoice_paid","keys":["update_id","update_type","request_date","payload"]}
[12-Sep-2025 23:45:18 UTC] [api][26b34c0ee23b][INFO] cryptobot.invoice.keys {"where":"data.payload","keys":["invoice_id","hash","currency_type","fiat","amount","paid_asset","paid_amount","paid_fiat_rate","accepted_assets","fee_asset","fee_amount","fee","fee_in_usd","pay_url","bot_invoice_url","mini_app_invoice_url","web_app_invoice_url","description","status","created_at","allow_comments","allow_anonymous","paid_usd_rate","usd_rate","paid_at","paid_anonymously","hidden_message","payload","paid_btn_name","paid_btn_url"]}
[12-Sep-2025 23:45:18 UTC] [api][26b34c0ee23b][INFO] cryptobot.invoice.extracted {"from":"data.payload","src":{"invoice_id":"data.payload.invoice_id","status":"data.payload.status","amount":"data.payload.amount","currency":"data.payload.fiat","payload":"data.payload.payload","created_at":"data.payload.created_at"},"invoice_id":"741895","status":"paid","amount":5,"currency":"USD","has_payload":true}
[12-Sep-2025 23:45:18 UTC] [api][26b34c0ee23b][INFO] cryptobot.payload.kv {"uid":"84895335","plan":"3m","days":"93"}
[12-Sep-2025 23:45:18 UTC] [api][26b34c0ee23b][INFO] schema.inspect {"table":"users","col":"created_at","has":false}
[12-Sep-2025 23:45:18 UTC] [api][26b34c0ee23b][INFO] ensure_user.sql {"has_created_at":false}
[12-Sep-2025 23:45:18 UTC] [api][26b34c0ee23b][ERROR] unhandled {"ex":"SQLSTATE[HY000]: General error: 1 no such column: premium_until"}
[12-Sep-2025 23:45:18 UTC] [api][26b34c0ee23b][WARN] bad_request: unhandled: SQLSTATE[HY000]: General error: 1 no such column: premium_until 
[12-Sep-2025 23:45:20 UTC] [api][8f19c28ba0f5][INFO] request.begin {"action":"cryptobot","method":"POST","ip":"104.248.195.90"}
[12-Sep-2025 23:45:20 UTC] [api][8f19c28ba0f5][INFO] db.connected {"driver":"sqlite"}
[12-Sep-2025 23:45:20 UTC] [api][8f19c28ba0f5][INFO] db.bootstrap.begin {"sqlite":true}
[12-Sep-2025 23:45:20 UTC] [api][8f19c28ba0f5][INFO] db.bootstrap.ok 
[12-Sep-2025 23:45:20 UTC] [api][8f19c28ba0f5][INFO] cryptobot.auth.check {"has_hdr_token":false,"has_hdr_secret":false,"has_qs_secret":false,"trusted_ip":true,"ip":"104.248.195.90","mode":"relaxed"}
[12-Sep-2025 23:45:20 UTC] [api][8f19c28ba0f5][INFO] cryptobot.auth.ok {"by":"ip","ip":"104.248.195.90"}
[12-Sep-2025 23:45:20 UTC] [api][8f19c28ba0f5][INFO] cryptobot.payload.recv {"bytes":1200,"preview":"{\"update_id\":1898997,\"update_type\":\"invoice_paid\",\"request_date\":\"2025-09-12T23:45:20.273Z\",\"payload\":{\"invoice_id\":741895,\"hash\":\"IVoPNN05avd3\",\"currency_type\":\"fiat\",\"fiat\":\"USD\",\"amount\":\"5\",\"paid_asset\":\"USDT\",\"paid_amount\":\"4.99629816\",\"paid_fiat_rate\":\"1.00074091\",\"accepted_assets\":[\"USDT\",\"TON\",\"BTC\",\"ETH\",\"LTC\",\"BNB\",\"TRX\",\"USDC\"],\"fee_asset\":\"USDT\",\"fee_amount\":\"0.1498889448\",\"fee\":\"0.149"}
[12-Sep-2025 23:45:20 UTC] [api][8f19c28ba0f5][INFO] cryptobot.payload.parsed {"update_type":"invoice_paid","keys":["update_id","update_type","request_date","payload"]}
[12-Sep-2025 23:45:20 UTC] [api][8f19c28ba0f5][INFO] cryptobot.invoice.keys {"where":"data.payload","keys":["invoice_id","hash","currency_type","fiat","amount","paid_asset","paid_amount","paid_fiat_rate","accepted_assets","fee_asset","fee_amount","fee","fee_in_usd","pay_url","bot_invoice_url","mini_app_invoice_url","web_app_invoice_url","description","status","created_at","allow_comments","allow_anonymous","paid_usd_rate","usd_rate","paid_at","paid_anonymously","hidden_message","payload","paid_btn_name","paid_btn_url"]}
[12-Sep-2025 23:45:20 UTC] [api][8f19c28ba0f5][INFO] cryptobot.invoice.extracted {"from":"data.payload","src":{"invoice_id":"data.payload.invoice_id","status":"data.payload.status","amount":"data.payload.amount","currency":"data.payload.fiat","payload":"data.payload.payload","created_at":"data.payload.created_at"},"invoice_id":"741895","status":"paid","amount":5,"currency":"USD","has_payload":true}
[12-Sep-2025 23:45:20 UTC] [api][8f19c28ba0f5][INFO] cryptobot.payload.kv {"uid":"84895335","plan":"3m","days":"93"}
[12-Sep-2025 23:45:20 UTC] [api][8f19c28ba0f5][INFO] schema.inspect {"table":"users","col":"created_at","has":false}
[12-Sep-2025 23:45:20 UTC] [api][8f19c28ba0f5][INFO] ensure_user.sql {"has_created_at":false}
[12-Sep-2025 23:45:20 UTC] [api][8f19c28ba0f5][ERROR] unhandled {"ex":"SQLSTATE[HY000]: General error: 1 no such column: premium_until"}
[12-Sep-2025 23:45:20 UTC] [api][8f19c28ba0f5][WARN] bad_request: unhandled: SQLSTATE[HY000]: General error: 1 no such column: premium_until 
[12-Sep-2025 23:45:24 UTC] [api][12b2ff601f16][INFO] request.begin {"action":"cryptobot","method":"POST","ip":"104.248.195.90"}
[12-Sep-2025 23:45:24 UTC] [api][12b2ff601f16][INFO] db.connected {"driver":"sqlite"}
[12-Sep-2025 23:45:24 UTC] [api][12b2ff601f16][INFO] db.bootstrap.begin {"sqlite":true}
[12-Sep-2025 23:45:24 UTC] [api][12b2ff601f16][INFO] db.bootstrap.ok 
[12-Sep-2025 23:45:24 UTC] [api][12b2ff601f16][INFO] cryptobot.auth.check {"has_hdr_token":false,"has_hdr_secret":false,"has_qs_secret":false,"trusted_ip":true,"ip":"104.248.195.90","mode":"relaxed"}
[12-Sep-2025 23:45:24 UTC] [api][12b2ff601f16][INFO] cryptobot.auth.ok {"by":"ip","ip":"104.248.195.90"}
[12-Sep-2025 23:45:24 UTC] [api][12b2ff601f16][INFO] cryptobot.payload.recv {"bytes":1200,"preview":"{\"update_id\":1898998,\"update_type\":\"invoice_paid\",\"request_date\":\"2025-09-12T23:45:24.369Z\",\"payload\":{\"invoice_id\":741895,\"hash\":\"IVoPNN05avd3\",\"currency_type\":\"fiat\",\"fiat\":\"USD\",\"amount\":\"5\",\"paid_asset\":\"USDT\",\"paid_amount\":\"4.99629816\",\"paid_fiat_rate\":\"1.00074091\",\"accepted_assets\":[\"USDT\",\"TON\",\"BTC\",\"ETH\",\"LTC\",\"BNB\",\"TRX\",\"USDC\"],\"fee_asset\":\"USDT\",\"fee_amount\":\"0.1498889448\",\"fee\":\"0.149"}
[12-Sep-2025 23:45:24 UTC] [api][12b2ff601f16][INFO] cryptobot.payload.parsed {"update_type":"invoice_paid","keys":["update_id","update_type","request_date","payload"]}
[12-Sep-2025 23:45:24 UTC] [api][12b2ff601f16][INFO] cryptobot.invoice.keys {"where":"data.payload","keys":["invoice_id","hash","currency_type","fiat","amount","paid_asset","paid_amount","paid_fiat_rate","accepted_assets","fee_asset","fee_amount","fee","fee_in_usd","pay_url","bot_invoice_url","mini_app_invoice_url","web_app_invoice_url","description","status","created_at","allow_comments","allow_anonymous","paid_usd_rate","usd_rate","paid_at","paid_anonymously","hidden_message","payload","paid_btn_name","paid_btn_url"]}
[12-Sep-2025 23:45:24 UTC] [api][12b2ff601f16][INFO] cryptobot.invoice.extracted {"from":"data.payload","src":{"invoice_id":"data.payload.invoice_id","status":"data.payload.status","amount":"data.payload.amount","currency":"data.payload.fiat","payload":"data.payload.payload","created_at":"data.payload.created_at"},"invoice_id":"741895","status":"paid","amount":5,"currency":"USD","has_payload":true}
[12-Sep-2025 23:45:24 UTC] [api][12b2ff601f16][INFO] cryptobot.payload.kv {"uid":"84895335","plan":"3m","days":"93"}
[12-Sep-2025 23:45:24 UTC] [api][12b2ff601f16][INFO] schema.inspect {"table":"users","col":"created_at","has":false}
[12-Sep-2025 23:45:24 UTC] [api][12b2ff601f16][INFO] ensure_user.sql {"has_created_at":false}
[12-Sep-2025 23:45:24 UTC] [api][12b2ff601f16][ERROR] unhandled {"ex":"SQLSTATE[HY000]: General error: 1 no such column: premium_until"}
[12-Sep-2025 23:45:24 UTC] [api][12b2ff601f16][WARN] bad_request: unhandled: SQLSTATE[HY000]: General error: 1 no such column: premium_until 
[12-Sep-2025 23:45:32 UTC] [api][722ee00e444c][INFO] request.begin {"action":"cryptobot","method":"POST","ip":"104.248.195.90"}
[12-Sep-2025 23:45:32 UTC] [api][722ee00e444c][INFO] db.connected {"driver":"sqlite"}
[12-Sep-2025 23:45:32 UTC] [api][722ee00e444c][INFO] db.bootstrap.begin {"sqlite":true}
[12-Sep-2025 23:45:32 UTC] [api][722ee00e444c][INFO] db.bootstrap.ok 
[12-Sep-2025 23:45:32 UTC] [api][722ee00e444c][INFO] cryptobot.auth.check {"has_hdr_token":false,"has_hdr_secret":false,"has_qs_secret":false,"trusted_ip":true,"ip":"104.248.195.90","mode":"relaxed"}
[12-Sep-2025 23:45:32 UTC] [api][722ee00e444c][INFO] cryptobot.auth.ok {"by":"ip","ip":"104.248.195.90"}
[12-Sep-2025 23:45:32 UTC] [api][722ee00e444c][INFO] cryptobot.payload.recv {"bytes":1200,"preview":"{\"update_id\":1898999,\"update_type\":\"invoice_paid\",\"request_date\":\"2025-09-12T23:45:32.478Z\",\"payload\":{\"invoice_id\":741895,\"hash\":\"IVoPNN05avd3\",\"currency_type\":\"fiat\",\"fiat\":\"USD\",\"amount\":\"5\",\"paid_asset\":\"USDT\",\"paid_amount\":\"4.99629816\",\"paid_fiat_rate\":\"1.00074091\",\"accepted_assets\":[\"USDT\",\"TON\",\"BTC\",\"ETH\",\"LTC\",\"BNB\",\"TRX\",\"USDC\"],\"fee_asset\":\"USDT\",\"fee_amount\":\"0.1498889448\",\"fee\":\"0.149"}
[12-Sep-2025 23:45:32 UTC] [api][722ee00e444c][INFO] cryptobot.payload.parsed {"update_type":"invoice_paid","keys":["update_id","update_type","request_date","payload"]}
[12-Sep-2025 23:45:32 UTC] [api][722ee00e444c][INFO] cryptobot.invoice.keys {"where":"data.payload","keys":["invoice_id","hash","currency_type","fiat","amount","paid_asset","paid_amount","paid_fiat_rate","accepted_assets","fee_asset","fee_amount","fee","fee_in_usd","pay_url","bot_invoice_url","mini_app_invoice_url","web_app_invoice_url","description","status","created_at","allow_comments","allow_anonymous","paid_usd_rate","usd_rate","paid_at","paid_anonymously","hidden_message","payload","paid_btn_name","paid_btn_url"]}
[12-Sep-2025 23:45:32 UTC] [api][722ee00e444c][INFO] cryptobot.invoice.extracted {"from":"data.payload","src":{"invoice_id":"data.payload.invoice_id","status":"data.payload.status","amount":"data.payload.amount","currency":"data.payload.fiat","payload":"data.payload.payload","created_at":"data.payload.created_at"},"invoice_id":"741895","status":"paid","amount":5,"currency":"USD","has_payload":true}
[12-Sep-2025 23:45:32 UTC] [api][722ee00e444c][INFO] cryptobot.payload.kv {"uid":"84895335","plan":"3m","days":"93"}
[12-Sep-2025 23:45:32 UTC] [api][722ee00e444c][INFO] schema.inspect {"table":"users","col":"created_at","has":false}
[12-Sep-2025 23:45:32 UTC] [api][722ee00e444c][INFO] ensure_user.sql {"has_created_at":false}
[12-Sep-2025 23:45:32 UTC] [api][722ee00e444c][ERROR] unhandled {"ex":"SQLSTATE[HY000]: General error: 1 no such column: premium_until"}
[12-Sep-2025 23:45:32 UTC] [api][722ee00e444c][WARN] bad_request: unhandled: SQLSTATE[HY000]: General error: 1 no such column: premium_until 
[12-Sep-2025 23:45:33 UTC] [api][c7f057597679][INFO] request.begin {"action":"cryptobot","method":"POST","ip":"104.248.195.90"}
[12-Sep-2025 23:45:33 UTC] [api][c7f057597679][INFO] db.connected {"driver":"sqlite"}
[12-Sep-2025 23:45:33 UTC] [api][c7f057597679][INFO] db.bootstrap.begin {"sqlite":true}
[12-Sep-2025 23:45:33 UTC] [api][c7f057597679][INFO] db.bootstrap.ok 
[12-Sep-2025 23:45:33 UTC] [api][c7f057597679][INFO] cryptobot.auth.check {"has_hdr_token":false,"has_hdr_secret":false,"has_qs_secret":false,"trusted_ip":true,"ip":"104.248.195.90","mode":"relaxed"}
[12-Sep-2025 23:45:33 UTC] [api][c7f057597679][INFO] cryptobot.auth.ok {"by":"ip","ip":"104.248.195.90"}
[12-Sep-2025 23:45:33 UTC] [api][c7f057597679][INFO] cryptobot.payload.recv {"bytes":1202,"preview":"{\"update_id\":1898982,\"update_type\":\"invoice_paid\",\"request_date\":\"2025-09-12T23:45:33.193Z\",\"payload\":{\"invoice_id\":741892,\"hash\":\"IV4nP71dEY1b\",\"currency_type\":\"fiat\",\"fiat\":\"USD\",\"amount\":\"8\",\"paid_asset\":\"USDT\",\"paid_amount\":\"7.99359529\",\"paid_fiat_rate\":\"1.00080122\",\"accepted_assets\":[\"USDT\",\"TON\",\"BTC\",\"ETH\",\"LTC\",\"BNB\",\"TRX\",\"USDC\"],\"fee_asset\":\"USDT\",\"fee_amount\":\"0.2398078587\",\"fee\":\"0.239"}
[12-Sep-2025 23:45:33 UTC] [api][c7f057597679][INFO] cryptobot.payload.parsed {"update_type":"invoice_paid","keys":["update_id","update_type","request_date","payload"]}
[12-Sep-2025 23:45:33 UTC] [api][c7f057597679][INFO] cryptobot.invoice.keys {"where":"data.payload","keys":["invoice_id","hash","currency_type","fiat","amount","paid_asset","paid_amount","paid_fiat_rate","accepted_assets","fee_asset","fee_amount","fee","fee_in_usd","pay_url","bot_invoice_url","mini_app_invoice_url","web_app_invoice_url","description","status","created_at","allow_comments","allow_anonymous","paid_usd_rate","usd_rate","paid_at","paid_anonymously","hidden_message","payload","paid_btn_name","paid_btn_url"]}
[12-Sep-2025 23:45:33 UTC] [api][c7f057597679][INFO] cryptobot.invoice.extracted {"from":"data.payload","src":{"invoice_id":"data.payload.invoice_id","status":"data.payload.status","amount":"data.payload.amount","currency":"data.payload.fiat","payload":"data.payload.payload","created_at":"data.payload.created_at"},"invoice_id":"741892","status":"paid","amount":8,"currency":"USD","has_payload":true}
[12-Sep-2025 23:45:33 UTC] [api][c7f057597679][INFO] cryptobot.payload.kv {"uid":"84895335","plan":"6m","days":"186"}
[12-Sep-2025 23:45:33 UTC] [api][c7f057597679][INFO] schema.inspect {"table":"users","col":"created_at","has":false}
[12-Sep-2025 23:45:33 UTC] [api][c7f057597679][INFO] ensure_user.sql {"has_created_at":false}
[12-Sep-2025 23:45:33 UTC] [api][c7f057597679][ERROR] unhandled {"ex":"SQLSTATE[HY000]: General error: 1 no such column: premium_until"}
[12-Sep-2025 23:45:33 UTC] [api][c7f057597679][WARN] bad_request: unhandled: SQLSTATE[HY000]: General error: 1 no such column: premium_until 
[12-Sep-2025 23:45:48 UTC] [api][6db695746192][INFO] request.begin {"action":"cryptobot","method":"POST","ip":"104.248.195.90"}
[12-Sep-2025 23:45:48 UTC] [api][6db695746192][INFO] db.connected {"driver":"sqlite"}
[12-Sep-2025 23:45:48 UTC] [api][6db695746192][INFO] db.bootstrap.begin {"sqlite":true}
[12-Sep-2025 23:45:48 UTC] [api][6db695746192][INFO] db.bootstrap.ok 
[12-Sep-2025 23:45:48 UTC] [api][6db695746192][INFO] cryptobot.auth.check {"has_hdr_token":false,"has_hdr_secret":false,"has_qs_secret":false,"trusted_ip":true,"ip":"104.248.195.90","mode":"relaxed"}
[12-Sep-2025 23:45:48 UTC] [api][6db695746192][INFO] cryptobot.auth.ok {"by":"ip","ip":"104.248.195.90"}
[12-Sep-2025 23:45:48 UTC] [api][6db695746192][INFO] cryptobot.payload.recv {"bytes":1200,"preview":"{\"update_id\":1899000,\"update_type\":\"invoice_paid\",\"request_date\":\"2025-09-12T23:45:48.578Z\",\"payload\":{\"invoice_id\":741895,\"hash\":\"IVoPNN05avd3\",\"currency_type\":\"fiat\",\"fiat\":\"USD\",\"amount\":\"5\",\"paid_asset\":\"USDT\",\"paid_amount\":\"4.99629816\",\"paid_fiat_rate\":\"1.00074091\",\"accepted_assets\":[\"USDT\",\"TON\",\"BTC\",\"ETH\",\"LTC\",\"BNB\",\"TRX\",\"USDC\"],\"fee_asset\":\"USDT\",\"fee_amount\":\"0.1498889448\",\"fee\":\"0.149"}
[12-Sep-2025 23:45:48 UTC] [api][6db695746192][INFO] cryptobot.payload.parsed {"update_type":"invoice_paid","keys":["update_id","update_type","request_date","payload"]}
[12-Sep-2025 23:45:48 UTC] [api][6db695746192][INFO] cryptobot.invoice.keys {"where":"data.payload","keys":["invoice_id","hash","currency_type","fiat","amount","paid_asset","paid_amount","paid_fiat_rate","accepted_assets","fee_asset","fee_amount","fee","fee_in_usd","pay_url","bot_invoice_url","mini_app_invoice_url","web_app_invoice_url","description","status","created_at","allow_comments","allow_anonymous","paid_usd_rate","usd_rate","paid_at","paid_anonymously","hidden_message","payload","paid_btn_name","paid_btn_url"]}
[12-Sep-2025 23:45:48 UTC] [api][6db695746192][INFO] cryptobot.invoice.extracted {"from":"data.payload","src":{"invoice_id":"data.payload.invoice_id","status":"data.payload.status","amount":"data.payload.amount","currency":"data.payload.fiat","payload":"data.payload.payload","created_at":"data.payload.created_at"},"invoice_id":"741895","status":"paid","amount":5,"currency":"USD","has_payload":true}
[12-Sep-2025 23:45:48 UTC] [api][6db695746192][INFO] cryptobot.payload.kv {"uid":"84895335","plan":"3m","days":"93"}
[12-Sep-2025 23:45:48 UTC] [api][6db695746192][INFO] schema.inspect {"table":"users","col":"created_at","has":false}
[12-Sep-2025 23:45:48 UTC] [api][6db695746192][INFO] ensure_user.sql {"has_created_at":false}
[12-Sep-2025 23:45:48 UTC] [api][6db695746192][ERROR] unhandled {"ex":"SQLSTATE[HY000]: General error: 1 no such column: premium_until"}
[12-Sep-2025 23:45:48 UTC] [api][6db695746192][WARN] bad_request: unhandled: SQLSTATE[HY000]: General error: 1 no such column: premium_until 
[12-Sep-2025 23:46:14 UTC] [api][58c804f7cba3][INFO] request.begin {"action":"cryptobot","method":"POST","ip":"104.248.195.90"}
[12-Sep-2025 23:46:14 UTC] [api][58c804f7cba3][INFO] db.connected {"driver":"sqlite"}
[12-Sep-2025 23:46:14 UTC] [api][58c804f7cba3][INFO] db.bootstrap.begin {"sqlite":true}
[12-Sep-2025 23:46:14 UTC] [api][58c804f7cba3][INFO] db.bootstrap.ok 
[12-Sep-2025 23:46:14 UTC] [api][58c804f7cba3][INFO] cryptobot.auth.check {"has_hdr_token":false,"has_hdr_secret":false,"has_qs_secret":false,"trusted_ip":true,"ip":"104.248.195.90","mode":"relaxed"}
[12-Sep-2025 23:46:14 UTC] [api][58c804f7cba3][INFO] cryptobot.auth.ok {"by":"ip","ip":"104.248.195.90"}
[12-Sep-2025 23:46:14 UTC] [api][58c804f7cba3][INFO] cryptobot.payload.recv {"bytes":1206,"preview":"{\"update_id\":1898959,\"update_type\":\"invoice_paid\",\"request_date\":\"2025-09-12T23:46:14.193Z\",\"payload\":{\"invoice_id\":741831,\"hash\":\"IVdUM4ouSb8F\",\"currency_type\":\"fiat\",\"fiat\":\"USD\",\"amount\":\"15\",\"paid_asset\":\"USDT\",\"paid_amount\":\"14.98951857\",\"paid_fiat_rate\":\"1.00069925\",\"accepted_assets\":[\"USDT\",\"TON\",\"BTC\",\"ETH\",\"LTC\",\"BNB\",\"TRX\",\"USDC\"],\"fee_asset\":\"USDT\",\"fee_amount\":\"0.4496855571\",\"fee\":\"0.4"}
[12-Sep-2025 23:46:14 UTC] [api][58c804f7cba3][INFO] cryptobot.payload.parsed {"update_type":"invoice_paid","keys":["update_id","update_type","request_date","payload"]}
[12-Sep-2025 23:46:14 UTC] [api][58c804f7cba3][INFO] cryptobot.invoice.keys {"where":"data.payload","keys":["invoice_id","hash","currency_type","fiat","amount","paid_asset","paid_amount","paid_fiat_rate","accepted_assets","fee_asset","fee_amount","fee","fee_in_usd","pay_url","bot_invoice_url","mini_app_invoice_url","web_app_invoice_url","description","status","created_at","allow_comments","allow_anonymous","paid_usd_rate","usd_rate","paid_at","paid_anonymously","hidden_message","payload","paid_btn_name","paid_btn_url"]}
[12-Sep-2025 23:46:14 UTC] [api][58c804f7cba3][INFO] cryptobot.invoice.extracted {"from":"data.payload","src":{"invoice_id":"data.payload.invoice_id","status":"data.payload.status","amount":"data.payload.amount","currency":"data.payload.fiat","payload":"data.payload.payload","created_at":"data.payload.created_at"},"invoice_id":"741831","status":"paid","amount":15,"currency":"USD","has_payload":true}
[12-Sep-2025 23:46:14 UTC] [api][58c804f7cba3][INFO] cryptobot.payload.kv {"uid":"84895335","plan":"12m","days":"372"}
[12-Sep-2025 23:46:14 UTC] [api][58c804f7cba3][INFO] schema.inspect {"table":"users","col":"created_at","has":false}
[12-Sep-2025 23:46:14 UTC] [api][58c804f7cba3][INFO] ensure_user.sql {"has_created_at":false}
[12-Sep-2025 23:46:14 UTC] [api][58c804f7cba3][ERROR] unhandled {"ex":"SQLSTATE[HY000]: General error: 1 no such column: premium_until"}
[12-Sep-2025 23:46:14 UTC] [api][58c804f7cba3][WARN] bad_request: unhandled: SQLSTATE[HY000]: General error: 1 no such column: premium_until 
[12-Sep-2025 23:46:20 UTC] [api][784286a1747e][INFO] request.begin {"action":"cryptobot","method":"POST","ip":"104.248.195.90"}
[12-Sep-2025 23:46:20 UTC] [api][784286a1747e][INFO] db.connected {"driver":"sqlite"}
[12-Sep-2025 23:46:20 UTC] [api][784286a1747e][INFO] db.bootstrap.begin {"sqlite":true}
[12-Sep-2025 23:46:20 UTC] [api][784286a1747e][INFO] db.bootstrap.ok 
[12-Sep-2025 23:46:20 UTC] [api][784286a1747e][INFO] cryptobot.auth.check {"has_hdr_token":false,"has_hdr_secret":false,"has_qs_secret":false,"trusted_ip":true,"ip":"104.248.195.90","mode":"relaxed"}
[12-Sep-2025 23:46:20 UTC] [api][784286a1747e][INFO] cryptobot.auth.ok {"by":"ip","ip":"104.248.195.90"}
[12-Sep-2025 23:46:20 UTC] [api][784286a1747e][INFO] cryptobot.payload.recv {"bytes":1200,"preview":"{\"update_id\":1898962,\"update_type\":\"invoice_paid\",\"request_date\":\"2025-09-12T23:46:20.654Z\",\"payload\":{\"invoice_id\":741816,\"hash\":\"IVyF3EhKYZRH\",\"currency_type\":\"fiat\",\"fiat\":\"USD\",\"amount\":\"2\",\"paid_asset\":\"USDT\",\"paid_amount\":\"1.99837339\",\"paid_fiat_rate\":\"1.00081396\",\"accepted_assets\":[\"USDT\",\"TON\",\"BTC\",\"ETH\",\"LTC\",\"BNB\",\"TRX\",\"USDC\"],\"fee_asset\":\"USDT\",\"fee_amount\":\"0.0599512017\",\"fee\":\"0.059"}
[12-Sep-2025 23:46:20 UTC] [api][784286a1747e][INFO] cryptobot.payload.parsed {"update_type":"invoice_paid","keys":["update_id","update_type","request_date","payload"]}
[12-Sep-2025 23:46:20 UTC] [api][784286a1747e][INFO] cryptobot.invoice.keys {"where":"data.payload","keys":["invoice_id","hash","currency_type","fiat","amount","paid_asset","paid_amount","paid_fiat_rate","accepted_assets","fee_asset","fee_amount","fee","fee_in_usd","pay_url","bot_invoice_url","mini_app_invoice_url","web_app_invoice_url","description","status","created_at","allow_comments","allow_anonymous","paid_usd_rate","usd_rate","paid_at","paid_anonymously","hidden_message","payload","paid_btn_name","paid_btn_url"]}
[12-Sep-2025 23:46:20 UTC] [api][784286a1747e][INFO] cryptobot.invoice.extracted {"from":"data.payload","src":{"invoice_id":"data.payload.invoice_id","status":"data.payload.status","amount":"data.payload.amount","currency":"data.payload.fiat","payload":"data.payload.payload","created_at":"data.payload.created_at"},"invoice_id":"741816","status":"paid","amount":2,"currency":"USD","has_payload":true}
[12-Sep-2025 23:46:20 UTC] [api][784286a1747e][INFO] cryptobot.payload.kv {"uid":"84895335","plan":"1m","days":"31"}
[12-Sep-2025 23:46:20 UTC] [api][784286a1747e][INFO] schema.inspect {"table":"users","col":"created_at","has":false}
[12-Sep-2025 23:46:20 UTC] [api][784286a1747e][INFO] ensure_user.sql {"has_created_at":false}
[12-Sep-2025 23:46:20 UTC] [api][784286a1747e][ERROR] unhandled {"ex":"SQLSTATE[HY000]: General error: 1 no such column: premium_until"}
[12-Sep-2025 23:46:20 UTC] [api][784286a1747e][WARN] bad_request: unhandled: SQLSTATE[HY000]: General error: 1 no such column: premium_until 
[12-Sep-2025 23:46:20 UTC] [api][7347b70510a7][INFO] request.begin {"action":"cryptobot","method":"POST","ip":"104.248.195.90"}
[12-Sep-2025 23:46:20 UTC] [api][7347b70510a7][INFO] db.connected {"driver":"sqlite"}
[12-Sep-2025 23:46:20 UTC] [api][7347b70510a7][INFO] db.bootstrap.begin {"sqlite":true}
[12-Sep-2025 23:46:20 UTC] [api][7347b70510a7][INFO] db.bootstrap.ok 
[12-Sep-2025 23:46:20 UTC] [api][7347b70510a7][INFO] cryptobot.auth.check {"has_hdr_token":false,"has_hdr_secret":false,"has_qs_secret":false,"trusted_ip":true,"ip":"104.248.195.90","mode":"relaxed"}
[12-Sep-2025 23:46:20 UTC] [api][7347b70510a7][INFO] cryptobot.auth.ok {"by":"ip","ip":"104.248.195.90"}
[12-Sep-2025 23:46:20 UTC] [api][7347b70510a7][INFO] cryptobot.payload.recv {"bytes":1200,"preview":"{\"update_id\":1899003,\"update_type\":\"invoice_paid\",\"request_date\":\"2025-09-12T23:46:20.760Z\",\"payload\":{\"invoice_id\":741895,\"hash\":\"IVoPNN05avd3\",\"currency_type\":\"fiat\",\"fiat\":\"USD\",\"amount\":\"5\",\"paid_asset\":\"USDT\",\"paid_amount\":\"4.99629816\",\"paid_fiat_rate\":\"1.00074091\",\"accepted_assets\":[\"USDT\",\"TON\",\"BTC\",\"ETH\",\"LTC\",\"BNB\",\"TRX\",\"USDC\"],\"fee_asset\":\"USDT\",\"fee_amount\":\"0.1498889448\",\"fee\":\"0.149"}
[12-Sep-2025 23:46:20 UTC] [api][7347b70510a7][INFO] cryptobot.payload.parsed {"update_type":"invoice_paid","keys":["update_id","update_type","request_date","payload"]}
[12-Sep-2025 23:46:20 UTC] [api][7347b70510a7][INFO] cryptobot.invoice.keys {"where":"data.payload","keys":["invoice_id","hash","currency_type","fiat","amount","paid_asset","paid_amount","paid_fiat_rate","accepted_assets","fee_asset","fee_amount","fee","fee_in_usd","pay_url","bot_invoice_url","mini_app_invoice_url","web_app_invoice_url","description","status","created_at","allow_comments","allow_anonymous","paid_usd_rate","usd_rate","paid_at","paid_anonymously","hidden_message","payload","paid_btn_name","paid_btn_url"]}
[12-Sep-2025 23:46:20 UTC] [api][7347b70510a7][INFO] cryptobot.invoice.extracted {"from":"data.payload","src":{"invoice_id":"data.payload.invoice_id","status":"data.payload.status","amount":"data.payload.amount","currency":"data.payload.fiat","payload":"data.payload.payload","created_at":"data.payload.created_at"},"invoice_id":"741895","status":"paid","amount":5,"currency":"USD","has_payload":true}
[12-Sep-2025 23:46:20 UTC] [api][7347b70510a7][INFO] cryptobot.payload.kv {"uid":"84895335","plan":"3m","days":"93"}
[12-Sep-2025 23:46:20 UTC] [api][7347b70510a7][INFO] schema.inspect {"table":"users","col":"created_at","has":false}
[12-Sep-2025 23:46:20 UTC] [api][7347b70510a7][INFO] ensure_user.sql {"has_created_at":false}
[12-Sep-2025 23:46:20 UTC] [api][7347b70510a7][ERROR] unhandled {"ex":"SQLSTATE[HY000]: General error: 1 no such column: premium_until"}
[12-Sep-2025 23:46:20 UTC] [api][7347b70510a7][WARN] bad_request: unhandled: SQLSTATE[HY000]: General error: 1 no such column: premium_until 
[12-Sep-2025 23:46:20 UTC] [api][9eaf5687a3be][INFO] request.begin {"action":"cryptobot","method":"POST","ip":"104.248.195.90"}
[12-Sep-2025 23:46:20 UTC] [api][9eaf5687a3be][INFO] db.connected {"driver":"sqlite"}
[12-Sep-2025 23:46:20 UTC] [api][9eaf5687a3be][INFO] db.bootstrap.begin {"sqlite":true}
[12-Sep-2025 23:46:20 UTC] [api][9eaf5687a3be][INFO] db.bootstrap.ok 
[12-Sep-2025 23:46:20 UTC] [api][9eaf5687a3be][INFO] cryptobot.auth.check {"has_hdr_token":false,"has_hdr_secret":false,"has_qs_secret":false,"trusted_ip":true,"ip":"104.248.195.90","mode":"relaxed"}
[12-Sep-2025 23:46:20 UTC] [api][9eaf5687a3be][INFO] cryptobot.auth.ok {"by":"ip","ip":"104.248.195.90"}
[12-Sep-2025 23:46:20 UTC] [api][9eaf5687a3be][INFO] cryptobot.payload.recv {"bytes":1206,"preview":"{\"update_id\":1898963,\"update_type\":\"invoice_paid\",\"request_date\":\"2025-09-12T23:46:20.763Z\",\"payload\":{\"invoice_id\":741880,\"hash\":\"IV2mipoMFtdi\",\"currency_type\":\"fiat\",\"fiat\":\"USD\",\"amount\":\"15\",\"paid_asset\":\"USDT\",\"paid_amount\":\"14.98817837\",\"paid_fiat_rate\":\"1.00078873\",\"accepted_assets\":[\"USDT\",\"TON\",\"BTC\",\"ETH\",\"LTC\",\"BNB\",\"TRX\",\"USDC\"],\"fee_asset\":\"USDT\",\"fee_amount\":\"0.4496453511\",\"fee\":\"0.4"}
[12-Sep-2025 23:46:20 UTC] [api][9eaf5687a3be][INFO] cryptobot.payload.parsed {"update_type":"invoice_paid","keys":["update_id","update_type","request_date","payload"]}
[12-Sep-2025 23:46:20 UTC] [api][9eaf5687a3be][INFO] cryptobot.invoice.keys {"where":"data.payload","keys":["invoice_id","hash","currency_type","fiat","amount","paid_asset","paid_amount","paid_fiat_rate","accepted_assets","fee_asset","fee_amount","fee","fee_in_usd","pay_url","bot_invoice_url","mini_app_invoice_url","web_app_invoice_url","description","status","created_at","allow_comments","allow_anonymous","paid_usd_rate","usd_rate","paid_at","paid_anonymously","hidden_message","payload","paid_btn_name","paid_btn_url"]}
[12-Sep-2025 23:46:20 UTC] [api][9eaf5687a3be][INFO] cryptobot.invoice.extracted {"from":"data.payload","src":{"invoice_id":"data.payload.invoice_id","status":"data.payload.status","amount":"data.payload.amount","currency":"data.payload.fiat","payload":"data.payload.payload","created_at":"data.payload.created_at"},"invoice_id":"741880","status":"paid","amount":15,"currency":"USD","has_payload":true}
[12-Sep-2025 23:46:20 UTC] [api][9eaf5687a3be][INFO] cryptobot.payload.kv {"uid":"84895335","plan":"12m","days":"372"}
[12-Sep-2025 23:46:20 UTC] [api][9eaf5687a3be][INFO] schema.inspect {"table":"users","col":"created_at","has":false}
[12-Sep-2025 23:46:20 UTC] [api][9eaf5687a3be][INFO] ensure_user.sql {"has_created_at":false}
[12-Sep-2025 23:46:20 UTC] [api][9eaf5687a3be][ERROR] unhandled {"ex":"SQLSTATE[HY000]: General error: 1 no such column: premium_until"}
[12-Sep-2025 23:46:20 UTC] [api][9eaf5687a3be][WARN] bad_request: unhandled: SQLSTATE[HY000]: General error: 1 no such column: premium_until 
[12-Sep-2025 23:46:32 UTC] [api][b1be5980b8af][INFO] request.begin {"action":"cryptobot","method":"POST","ip":"104.248.195.90"}
[12-Sep-2025 23:46:32 UTC] [api][b1be5980b8af][INFO] db.connected {"driver":"sqlite"}
[12-Sep-2025 23:46:32 UTC] [api][b1be5980b8af][INFO] db.bootstrap.begin {"sqlite":true}
[12-Sep-2025 23:46:32 UTC] [api][b1be5980b8af][INFO] db.bootstrap.ok 
[12-Sep-2025 23:46:32 UTC] [api][b1be5980b8af][INFO] cryptobot.auth.check {"has_hdr_token":false,"has_hdr_secret":false,"has_qs_secret":false,"trusted_ip":true,"ip":"104.248.195.90","mode":"relaxed"}
[12-Sep-2025 23:46:32 UTC] [api][b1be5980b8af][INFO] cryptobot.auth.ok {"by":"ip","ip":"104.248.195.90"}
[12-Sep-2025 23:46:32 UTC] [api][b1be5980b8af][INFO] cryptobot.payload.recv {"bytes":1202,"preview":"{\"update_id\":1898968,\"update_type\":\"invoice_paid\",\"request_date\":\"2025-09-12T23:46:32.557Z\",\"payload\":{\"invoice_id\":741837,\"hash\":\"IVWtWetmww1U\",\"currency_type\":\"fiat\",\"fiat\":\"USD\",\"amount\":\"8\",\"paid_asset\":\"USDT\",\"paid_amount\":\"7.99355628\",\"paid_fiat_rate\":\"1.00080611\",\"accepted_assets\":[\"USDT\",\"TON\",\"BTC\",\"ETH\",\"LTC\",\"BNB\",\"TRX\",\"USDC\"],\"fee_asset\":\"USDT\",\"fee_amount\":\"0.2398066884\",\"fee\":\"0.239"}
[12-Sep-2025 23:46:32 UTC] [api][b1be5980b8af][INFO] cryptobot.payload.parsed {"update_type":"invoice_paid","keys":["update_id","update_type","request_date","payload"]}
[12-Sep-2025 23:46:32 UTC] [api][b1be5980b8af][INFO] cryptobot.invoice.keys {"where":"data.payload","keys":["invoice_id","hash","currency_type","fiat","amount","paid_asset","paid_amount","paid_fiat_rate","accepted_assets","fee_asset","fee_amount","fee","fee_in_usd","pay_url","bot_invoice_url","mini_app_invoice_url","web_app_invoice_url","description","status","created_at","allow_comments","allow_anonymous","paid_usd_rate","usd_rate","paid_at","paid_anonymously","hidden_message","payload","paid_btn_name","paid_btn_url"]}
[12-Sep-2025 23:46:32 UTC] [api][b1be5980b8af][INFO] cryptobot.invoice.extracted {"from":"data.payload","src":{"invoice_id":"data.payload.invoice_id","status":"data.payload.status","amount":"data.payload.amount","currency":"data.payload.fiat","payload":"data.payload.payload","created_at":"data.payload.created_at"},"invoice_id":"741837","status":"paid","amount":8,"currency":"USD","has_payload":true}
[12-Sep-2025 23:46:32 UTC] [api][b1be5980b8af][INFO] cryptobot.payload.kv {"uid":"84895335","plan":"6m","days":"186"}
[12-Sep-2025 23:46:32 UTC] [api][b1be5980b8af][INFO] schema.inspect {"table":"users","col":"created_at","has":false}
[12-Sep-2025 23:46:32 UTC] [api][b1be5980b8af][INFO] ensure_user.sql {"has_created_at":false}
[12-Sep-2025 23:46:32 UTC] [api][b1be5980b8af][ERROR] unhandled {"ex":"SQLSTATE[HY000]: General error: 1 no such column: premium_until"}
[12-Sep-2025 23:46:32 UTC] [api][b1be5980b8af][WARN] bad_request: unhandled: SQLSTATE[HY000]: General error: 1 no such column: premium_until 
[12-Sep-2025 23:47:22 UTC] [api][dfe3b9d0c2cd][INFO] request.begin {"action":"cryptobot","method":"POST","ip":"104.248.195.90"}
[12-Sep-2025 23:47:22 UTC] [api][dfe3b9d0c2cd][INFO] db.connected {"driver":"sqlite"}
[12-Sep-2025 23:47:22 UTC] [api][dfe3b9d0c2cd][INFO] db.bootstrap.begin {"sqlite":true}
[12-Sep-2025 23:47:22 UTC] [api][dfe3b9d0c2cd][INFO] db.bootstrap.ok 
[12-Sep-2025 23:47:22 UTC] [api][dfe3b9d0c2cd][INFO] cryptobot.auth.check {"has_hdr_token":false,"has_hdr_secret":false,"has_qs_secret":false,"trusted_ip":true,"ip":"104.248.195.90","mode":"relaxed"}
[12-Sep-2025 23:47:22 UTC] [api][dfe3b9d0c2cd][INFO] cryptobot.auth.ok {"by":"ip","ip":"104.248.195.90"}
[12-Sep-2025 23:47:22 UTC] [api][dfe3b9d0c2cd][INFO] cryptobot.payload.recv {"bytes":1200,"preview":"{\"update_id\":1898974,\"update_type\":\"invoice_paid\",\"request_date\":\"2025-09-12T23:47:22.741Z\",\"payload\":{\"invoice_id\":741801,\"hash\":\"IVgg7fjoaz6v\",\"currency_type\":\"fiat\",\"fiat\":\"USD\",\"amount\":\"2\",\"paid_asset\":\"USDT\",\"paid_amount\":\"1.99837748\",\"paid_fiat_rate\":\"1.00081191\",\"accepted_assets\":[\"USDT\",\"TON\",\"BTC\",\"ETH\",\"LTC\",\"BNB\",\"TRX\",\"USDC\"],\"fee_asset\":\"USDT\",\"fee_amount\":\"0.0599513244\",\"fee\":\"0.059"}
[12-Sep-2025 23:47:22 UTC] [api][dfe3b9d0c2cd][INFO] cryptobot.payload.parsed {"update_type":"invoice_paid","keys":["update_id","update_type","request_date","payload"]}
[12-Sep-2025 23:47:22 UTC] [api][dfe3b9d0c2cd][INFO] cryptobot.invoice.keys {"where":"data.payload","keys":["invoice_id","hash","currency_type","fiat","amount","paid_asset","paid_amount","paid_fiat_rate","accepted_assets","fee_asset","fee_amount","fee","fee_in_usd","pay_url","bot_invoice_url","mini_app_invoice_url","web_app_invoice_url","description","status","created_at","allow_comments","allow_anonymous","paid_usd_rate","usd_rate","paid_at","paid_anonymously","hidden_message","payload","paid_btn_name","paid_btn_url"]}
[12-Sep-2025 23:47:22 UTC] [api][dfe3b9d0c2cd][INFO] cryptobot.invoice.extracted {"from":"data.payload","src":{"invoice_id":"data.payload.invoice_id","status":"data.payload.status","amount":"data.payload.amount","currency":"data.payload.fiat","payload":"data.payload.payload","created_at":"data.payload.created_at"},"invoice_id":"741801","status":"paid","amount":2,"currency":"USD","has_payload":true}
[12-Sep-2025 23:47:22 UTC] [api][dfe3b9d0c2cd][INFO] cryptobot.payload.kv {"uid":"84895335","plan":"1m","days":"31"}
[12-Sep-2025 23:47:22 UTC] [api][dfe3b9d0c2cd][INFO] schema.inspect {"table":"users","col":"created_at","has":false}
[12-Sep-2025 23:47:22 UTC] [api][dfe3b9d0c2cd][INFO] ensure_user.sql {"has_created_at":false}
[12-Sep-2025 23:47:22 UTC] [api][dfe3b9d0c2cd][ERROR] unhandled {"ex":"SQLSTATE[HY000]: General error: 1 no such column: premium_until"}
[12-Sep-2025 23:47:22 UTC] [api][dfe3b9d0c2cd][WARN] bad_request: unhandled: SQLSTATE[HY000]: General error: 1 no such column: premium_until 
[12-Sep-2025 23:47:24 UTC] [api][ef6c1937aaf3][INFO] request.begin {"action":"cryptobot","method":"POST","ip":"104.248.195.90"}
[12-Sep-2025 23:47:24 UTC] [api][ef6c1937aaf3][INFO] db.connected {"driver":"sqlite"}
[12-Sep-2025 23:47:24 UTC] [api][ef6c1937aaf3][INFO] db.bootstrap.begin {"sqlite":true}
[12-Sep-2025 23:47:24 UTC] [api][ef6c1937aaf3][INFO] db.bootstrap.ok 
[12-Sep-2025 23:47:24 UTC] [api][ef6c1937aaf3][INFO] cryptobot.auth.check {"has_hdr_token":false,"has_hdr_secret":false,"has_qs_secret":false,"trusted_ip":true,"ip":"104.248.195.90","mode":"relaxed"}
[12-Sep-2025 23:47:24 UTC] [api][ef6c1937aaf3][INFO] cryptobot.auth.ok {"by":"ip","ip":"104.248.195.90"}
[12-Sep-2025 23:47:24 UTC] [api][ef6c1937aaf3][INFO] cryptobot.payload.recv {"bytes":1200,"preview":"{\"update_id\":1899007,\"update_type\":\"invoice_paid\",\"request_date\":\"2025-09-12T23:47:24.896Z\",\"payload\":{\"invoice_id\":741895,\"hash\":\"IVoPNN05avd3\",\"currency_type\":\"fiat\",\"fiat\":\"USD\",\"amount\":\"5\",\"paid_asset\":\"USDT\",\"paid_amount\":\"4.99629816\",\"paid_fiat_rate\":\"1.00074091\",\"accepted_assets\":[\"USDT\",\"TON\",\"BTC\",\"ETH\",\"LTC\",\"BNB\",\"TRX\",\"USDC\"],\"fee_asset\":\"USDT\",\"fee_amount\":\"0.1498889448\",\"fee\":\"0.149"}
[12-Sep-2025 23:47:24 UTC] [api][ef6c1937aaf3][INFO] cryptobot.payload.parsed {"update_type":"invoice_paid","keys":["update_id","update_type","request_date","payload"]}
[12-Sep-2025 23:47:24 UTC] [api][ef6c1937aaf3][INFO] cryptobot.invoice.keys {"where":"data.payload","keys":["invoice_id","hash","currency_type","fiat","amount","paid_asset","paid_amount","paid_fiat_rate","accepted_assets","fee_asset","fee_amount","fee","fee_in_usd","pay_url","bot_invoice_url","mini_app_invoice_url","web_app_invoice_url","description","status","created_at","allow_comments","allow_anonymous","paid_usd_rate","usd_rate","paid_at","paid_anonymously","hidden_message","payload","paid_btn_name","paid_btn_url"]}
[12-Sep-2025 23:47:24 UTC] [api][ef6c1937aaf3][INFO] cryptobot.invoice.extracted {"from":"data.payload","src":{"invoice_id":"data.payload.invoice_id","status":"data.payload.status","amount":"data.payload.amount","currency":"data.payload.fiat","payload":"data.payload.payload","created_at":"data.payload.created_at"},"invoice_id":"741895","status":"paid","amount":5,"currency":"USD","has_payload":true}
[12-Sep-2025 23:47:24 UTC] [api][ef6c1937aaf3][INFO] cryptobot.payload.kv {"uid":"84895335","plan":"3m","days":"93"}
[12-Sep-2025 23:47:24 UTC] [api][ef6c1937aaf3][INFO] schema.inspect {"table":"users","col":"created_at","has":false}
[12-Sep-2025 23:47:24 UTC] [api][ef6c1937aaf3][INFO] ensure_user.sql {"has_created_at":false}
[12-Sep-2025 23:47:24 UTC] [api][ef6c1937aaf3][ERROR] unhandled {"ex":"SQLSTATE[HY000]: General error: 1 no such column: premium_until"}
[12-Sep-2025 23:47:24 UTC] [api][ef6c1937aaf3][WARN] bad_request: unhandled: SQLSTATE[HY000]: General error: 1 no such column: premium_until 
[12-Sep-2025 23:47:32 UTC] [api][d4d6654f40ec][INFO] request.begin {"action":"cryptobot","method":"POST","ip":"104.248.195.90"}
[12-Sep-2025 23:47:32 UTC] [api][d4d6654f40ec][INFO] db.connected {"driver":"sqlite"}
[12-Sep-2025 23:47:32 UTC] [api][d4d6654f40ec][INFO] db.bootstrap.begin {"sqlite":true}
[12-Sep-2025 23:47:32 UTC] [api][d4d6654f40ec][INFO] db.bootstrap.ok 
[12-Sep-2025 23:47:32 UTC] [api][d4d6654f40ec][INFO] cryptobot.auth.check {"has_hdr_token":false,"has_hdr_secret":false,"has_qs_secret":false,"trusted_ip":true,"ip":"104.248.195.90","mode":"relaxed"}
[12-Sep-2025 23:47:32 UTC] [api][d4d6654f40ec][INFO] cryptobot.auth.ok {"by":"ip","ip":"104.248.195.90"}
[12-Sep-2025 23:47:32 UTC] [api][d4d6654f40ec][INFO] cryptobot.payload.recv {"bytes":1200,"preview":"{\"update_id\":1898975,\"update_type\":\"invoice_paid\",\"request_date\":\"2025-09-12T23:47:32.663Z\",\"payload\":{\"invoice_id\":741825,\"hash\":\"IV7TpAimWI1O\",\"currency_type\":\"fiat\",\"fiat\":\"USD\",\"amount\":\"2\",\"paid_asset\":\"USDT\",\"paid_amount\":\"1.99842924\",\"paid_fiat_rate\":\"1.00078599\",\"accepted_assets\":[\"USDT\",\"TON\",\"BTC\",\"ETH\",\"LTC\",\"BNB\",\"TRX\",\"USDC\"],\"fee_asset\":\"USDT\",\"fee_amount\":\"0.0599528772\",\"fee\":\"0.059"}
[12-Sep-2025 23:47:32 UTC] [api][d4d6654f40ec][INFO] cryptobot.payload.parsed {"update_type":"invoice_paid","keys":["update_id","update_type","request_date","payload"]}
[12-Sep-2025 23:47:32 UTC] [api][d4d6654f40ec][INFO] cryptobot.invoice.keys {"where":"data.payload","keys":["invoice_id","hash","currency_type","fiat","amount","paid_asset","paid_amount","paid_fiat_rate","accepted_assets","fee_asset","fee_amount","fee","fee_in_usd","pay_url","bot_invoice_url","mini_app_invoice_url","web_app_invoice_url","description","status","created_at","allow_comments","allow_anonymous","paid_usd_rate","usd_rate","paid_at","paid_anonymously","hidden_message","payload","paid_btn_name","paid_btn_url"]}
[12-Sep-2025 23:47:32 UTC] [api][d4d6654f40ec][INFO] cryptobot.invoice.extracted {"from":"data.payload","src":{"invoice_id":"data.payload.invoice_id","status":"data.payload.status","amount":"data.payload.amount","currency":"data.payload.fiat","payload":"data.payload.payload","created_at":"data.payload.created_at"},"invoice_id":"741825","status":"paid","amount":2,"currency":"USD","has_payload":true}
[12-Sep-2025 23:47:32 UTC] [api][d4d6654f40ec][INFO] cryptobot.payload.kv {"uid":"84895335","plan":"1m","days":"31"}
[12-Sep-2025 23:47:32 UTC] [api][d4d6654f40ec][INFO] schema.inspect {"table":"users","col":"created_at","has":false}
[12-Sep-2025 23:47:32 UTC] [api][d4d6654f40ec][INFO] ensure_user.sql {"has_created_at":false}
[12-Sep-2025 23:47:32 UTC] [api][d4d6654f40ec][ERROR] unhandled {"ex":"SQLSTATE[HY000]: General error: 1 no such column: premium_until"}
[12-Sep-2025 23:47:32 UTC] [api][d4d6654f40ec][WARN] bad_request: unhandled: SQLSTATE[HY000]: General error: 1 no such column: premium_until 
[12-Sep-2025 23:48:03 UTC] [api][764d292ed299][INFO] request.begin {"action":"cryptobot","method":"POST","ip":"104.248.195.90"}
[12-Sep-2025 23:48:03 UTC] [api][764d292ed299][INFO] db.connected {"driver":"sqlite"}
[12-Sep-2025 23:48:03 UTC] [api][764d292ed299][INFO] db.bootstrap.begin {"sqlite":true}
[12-Sep-2025 23:48:03 UTC] [api][764d292ed299][INFO] db.bootstrap.ok 
[12-Sep-2025 23:48:03 UTC] [api][764d292ed299][INFO] cryptobot.auth.check {"has_hdr_token":false,"has_hdr_secret":false,"has_qs_secret":false,"trusted_ip":true,"ip":"104.248.195.90","mode":"relaxed"}
[12-Sep-2025 23:48:03 UTC] [api][764d292ed299][INFO] cryptobot.auth.ok {"by":"ip","ip":"104.248.195.90"}
[12-Sep-2025 23:48:03 UTC] [api][764d292ed299][INFO] cryptobot.payload.recv {"bytes":1202,"preview":"{\"update_id\":1898981,\"update_type\":\"invoice_paid\",\"request_date\":\"2025-09-12T23:48:03.402Z\",\"payload\":{\"invoice_id\":741886,\"hash\":\"IV9HMAo6uJ5X\",\"currency_type\":\"fiat\",\"fiat\":\"USD\",\"amount\":\"8\",\"paid_asset\":\"USDT\",\"paid_amount\":\"7.99379026\",\"paid_fiat_rate\":\"1.00077681\",\"accepted_assets\":[\"USDT\",\"TON\",\"BTC\",\"ETH\",\"LTC\",\"BNB\",\"TRX\",\"USDC\"],\"fee_asset\":\"USDT\",\"fee_amount\":\"0.2398137078\",\"fee\":\"0.239"}
[12-Sep-2025 23:48:03 UTC] [api][764d292ed299][INFO] cryptobot.payload.parsed {"update_type":"invoice_paid","keys":["update_id","update_type","request_date","payload"]}
[12-Sep-2025 23:48:03 UTC] [api][764d292ed299][INFO] cryptobot.invoice.keys {"where":"data.payload","keys":["invoice_id","hash","currency_type","fiat","amount","paid_asset","paid_amount","paid_fiat_rate","accepted_assets","fee_asset","fee_amount","fee","fee_in_usd","pay_url","bot_invoice_url","mini_app_invoice_url","web_app_invoice_url","description","status","created_at","allow_comments","allow_anonymous","paid_usd_rate","usd_rate","paid_at","paid_anonymously","hidden_message","payload","paid_btn_name","paid_btn_url"]}
[12-Sep-2025 23:48:03 UTC] [api][764d292ed299][INFO] cryptobot.invoice.extracted {"from":"data.payload","src":{"invoice_id":"data.payload.invoice_id","status":"data.payload.status","amount":"data.payload.amount","currency":"data.payload.fiat","payload":"data.payload.payload","created_at":"data.payload.created_at"},"invoice_id":"741886","status":"paid","amount":8,"currency":"USD","has_payload":true}
[12-Sep-2025 23:48:03 UTC] [api][764d292ed299][INFO] cryptobot.payload.kv {"uid":"84895335","plan":"6m","days":"186"}
[12-Sep-2025 23:48:03 UTC] [api][764d292ed299][INFO] schema.inspect {"table":"users","col":"created_at","has":false}
[12-Sep-2025 23:48:03 UTC] [api][764d292ed299][INFO] ensure_user.sql {"has_created_at":false}
[12-Sep-2025 23:48:03 UTC] [api][764d292ed299][ERROR] unhandled {"ex":"SQLSTATE[HY000]: General error: 1 no such column: premium_until"}
[12-Sep-2025 23:48:03 UTC] [api][764d292ed299][WARN] bad_request: unhandled: SQLSTATE[HY000]: General error: 1 no such column: premium_until 
[12-Sep-2025 23:48:47 UTC] [api][2e7121405e3c][INFO] request.begin {"action":"cryptobot","method":"POST","ip":"104.248.195.90"}
[12-Sep-2025 23:48:47 UTC] [api][2e7121405e3c][INFO] db.connected {"driver":"sqlite"}
[12-Sep-2025 23:48:47 UTC] [api][2e7121405e3c][INFO] db.bootstrap.begin {"sqlite":true}
[12-Sep-2025 23:48:47 UTC] [api][2e7121405e3c][INFO] db.bootstrap.ok 
[12-Sep-2025 23:48:47 UTC] [api][2e7121405e3c][INFO] cryptobot.auth.check {"has_hdr_token":false,"has_hdr_secret":false,"has_qs_secret":false,"trusted_ip":true,"ip":"104.248.195.90","mode":"relaxed"}
[12-Sep-2025 23:48:47 UTC] [api][2e7121405e3c][INFO] cryptobot.auth.ok {"by":"ip","ip":"104.248.195.90"}
[12-Sep-2025 23:48:47 UTC] [api][2e7121405e3c][INFO] cryptobot.payload.recv {"bytes":1206,"preview":"{\"update_id\":1898983,\"update_type\":\"invoice_paid\",\"request_date\":\"2025-09-12T23:48:47.559Z\",\"payload\":{\"invoice_id\":741838,\"hash\":\"IVVLyfWCkmqd\",\"currency_type\":\"fiat\",\"fiat\":\"USD\",\"amount\":\"15\",\"paid_asset\":\"USDT\",\"paid_amount\":\"14.98936878\",\"paid_fiat_rate\":\"1.00070925\",\"accepted_assets\":[\"USDT\",\"TON\",\"BTC\",\"ETH\",\"LTC\",\"BNB\",\"TRX\",\"USDC\"],\"fee_asset\":\"USDT\",\"fee_amount\":\"0.4496810634\",\"fee\":\"0.4"}
[12-Sep-2025 23:48:47 UTC] [api][2e7121405e3c][INFO] cryptobot.payload.parsed {"update_type":"invoice_paid","keys":["update_id","update_type","request_date","payload"]}
[12-Sep-2025 23:48:47 UTC] [api][2e7121405e3c][INFO] cryptobot.invoice.keys {"where":"data.payload","keys":["invoice_id","hash","currency_type","fiat","amount","paid_asset","paid_amount","paid_fiat_rate","accepted_assets","fee_asset","fee_amount","fee","fee_in_usd","pay_url","bot_invoice_url","mini_app_invoice_url","web_app_invoice_url","description","status","created_at","allow_comments","allow_anonymous","paid_usd_rate","usd_rate","paid_at","paid_anonymously","hidden_message","payload","paid_btn_name","paid_btn_url"]}
[12-Sep-2025 23:48:47 UTC] [api][2e7121405e3c][INFO] cryptobot.invoice.extracted {"from":"data.payload","src":{"invoice_id":"data.payload.invoice_id","status":"data.payload.status","amount":"data.payload.amount","currency":"data.payload.fiat","payload":"data.payload.payload","created_at":"data.payload.created_at"},"invoice_id":"741838","status":"paid","amount":15,"currency":"USD","has_payload":true}
[12-Sep-2025 23:48:47 UTC] [api][2e7121405e3c][INFO] cryptobot.payload.kv {"uid":"84895335","plan":"12m","days":"372"}
[12-Sep-2025 23:48:47 UTC] [api][2e7121405e3c][INFO] schema.inspect {"table":"users","col":"created_at","has":false}
[12-Sep-2025 23:48:47 UTC] [api][2e7121405e3c][INFO] ensure_user.sql {"has_created_at":false}
[12-Sep-2025 23:48:47 UTC] [api][2e7121405e3c][ERROR] unhandled {"ex":"SQLSTATE[HY000]: General error: 1 no such column: premium_until"}
[12-Sep-2025 23:48:47 UTC] [api][2e7121405e3c][WARN] bad_request: unhandled: SQLSTATE[HY000]: General error: 1 no such column: premium_until 
[12-Sep-2025 23:49:05 UTC] [api][c16fb7e4f4aa][INFO] request.begin {"action":"cryptobot","method":"POST","ip":"104.248.195.90"}
[12-Sep-2025 23:49:05 UTC] [api][c16fb7e4f4aa][INFO] db.connected {"driver":"sqlite"}
[12-Sep-2025 23:49:05 UTC] [api][c16fb7e4f4aa][INFO] db.bootstrap.begin {"sqlite":true}
[12-Sep-2025 23:49:05 UTC] [api][c16fb7e4f4aa][INFO] db.bootstrap.ok 
[12-Sep-2025 23:49:05 UTC] [api][c16fb7e4f4aa][INFO] cryptobot.auth.check {"has_hdr_token":false,"has_hdr_secret":false,"has_qs_secret":false,"trusted_ip":true,"ip":"104.248.195.90","mode":"relaxed"}
[12-Sep-2025 23:49:05 UTC] [api][c16fb7e4f4aa][INFO] cryptobot.auth.ok {"by":"ip","ip":"104.248.195.90"}
[12-Sep-2025 23:49:05 UTC] [api][c16fb7e4f4aa][INFO] cryptobot.payload.recv {"bytes":1206,"preview":"{\"update_id\":1898984,\"update_type\":\"invoice_paid\",\"request_date\":\"2025-09-12T23:49:05.098Z\",\"payload\":{\"invoice_id\":741893,\"hash\":\"IVKve9cRJNE4\",\"currency_type\":\"fiat\",\"fiat\":\"USD\",\"amount\":\"15\",\"paid_asset\":\"USDT\",\"paid_amount\":\"14.99002149\",\"paid_fiat_rate\":\"1.00066567\",\"accepted_assets\":[\"USDT\",\"TON\",\"BTC\",\"ETH\",\"LTC\",\"BNB\",\"TRX\",\"USDC\"],\"fee_asset\":\"USDT\",\"fee_amount\":\"0.4497006447\",\"fee\":\"0.4"}
[12-Sep-2025 23:49:05 UTC] [api][c16fb7e4f4aa][INFO] cryptobot.payload.parsed {"update_type":"invoice_paid","keys":["update_id","update_type","request_date","payload"]}
[12-Sep-2025 23:49:05 UTC] [api][c16fb7e4f4aa][INFO] cryptobot.invoice.keys {"where":"data.payload","keys":["invoice_id","hash","currency_type","fiat","amount","paid_asset","paid_amount","paid_fiat_rate","accepted_assets","fee_asset","fee_amount","fee","fee_in_usd","pay_url","bot_invoice_url","mini_app_invoice_url","web_app_invoice_url","description","status","created_at","allow_comments","allow_anonymous","paid_usd_rate","usd_rate","paid_at","paid_anonymously","hidden_message","payload","paid_btn_name","paid_btn_url"]}
[12-Sep-2025 23:49:05 UTC] [api][c16fb7e4f4aa][INFO] cryptobot.invoice.extracted {"from":"data.payload","src":{"invoice_id":"data.payload.invoice_id","status":"data.payload.status","amount":"data.payload.amount","currency":"data.payload.fiat","payload":"data.payload.payload","created_at":"data.payload.created_at"},"invoice_id":"741893","status":"paid","amount":15,"currency":"USD","has_payload":true}
[12-Sep-2025 23:49:05 UTC] [api][c16fb7e4f4aa][INFO] cryptobot.payload.kv {"uid":"84895335","plan":"12m","days":"372"}
[12-Sep-2025 23:49:05 UTC] [api][c16fb7e4f4aa][INFO] schema.inspect {"table":"users","col":"created_at","has":false}
[12-Sep-2025 23:49:05 UTC] [api][c16fb7e4f4aa][INFO] ensure_user.sql {"has_created_at":false}
[12-Sep-2025 23:49:05 UTC] [api][c16fb7e4f4aa][ERROR] unhandled {"ex":"SQLSTATE[HY000]: General error: 1 no such column: premium_until"}
[12-Sep-2025 23:49:05 UTC] [api][c16fb7e4f4aa][WARN] bad_request: unhandled: SQLSTATE[HY000]: General error: 1 no such column: premium_until 
[12-Sep-2025 23:49:22 UTC] [api][7bf0a59754e9][INFO] request.begin {"action":"cryptobot","method":"POST","ip":"104.248.195.90"}
[12-Sep-2025 23:49:22 UTC] [api][7bf0a59754e9][INFO] db.connected {"driver":"sqlite"}
[12-Sep-2025 23:49:22 UTC] [api][7bf0a59754e9][INFO] db.bootstrap.begin {"sqlite":true}
[12-Sep-2025 23:49:22 UTC] [api][7bf0a59754e9][INFO] db.bootstrap.ok 
[12-Sep-2025 23:49:22 UTC] [api][7bf0a59754e9][INFO] cryptobot.auth.check {"has_hdr_token":false,"has_hdr_secret":false,"has_qs_secret":false,"trusted_ip":true,"ip":"104.248.195.90","mode":"relaxed"}
[12-Sep-2025 23:49:22 UTC] [api][7bf0a59754e9][INFO] cryptobot.auth.ok {"by":"ip","ip":"104.248.195.90"}
[12-Sep-2025 23:49:22 UTC] [api][7bf0a59754e9][INFO] cryptobot.payload.recv {"bytes":1202,"preview":"{\"update_id\":1898986,\"update_type\":\"invoice_paid\",\"request_date\":\"2025-09-12T23:49:22.806Z\",\"payload\":{\"invoice_id\":741872,\"hash\":\"IVRjKbWkTnvG\",\"currency_type\":\"fiat\",\"fiat\":\"USD\",\"amount\":\"8\",\"paid_asset\":\"USDT\",\"paid_amount\":\"7.99433002\",\"paid_fiat_rate\":\"1.00070925\",\"accepted_assets\":[\"USDT\",\"TON\",\"BTC\",\"ETH\",\"LTC\",\"BNB\",\"TRX\",\"USDC\"],\"fee_asset\":\"USDT\",\"fee_amount\":\"0.2398299006\",\"fee\":\"0.239"}
[12-Sep-2025 23:49:22 UTC] [api][7bf0a59754e9][INFO] cryptobot.payload.parsed {"update_type":"invoice_paid","keys":["update_id","update_type","request_date","payload"]}
[12-Sep-2025 23:49:22 UTC] [api][7bf0a59754e9][INFO] cryptobot.invoice.keys {"where":"data.payload","keys":["invoice_id","hash","currency_type","fiat","amount","paid_asset","paid_amount","paid_fiat_rate","accepted_assets","fee_asset","fee_amount","fee","fee_in_usd","pay_url","bot_invoice_url","mini_app_invoice_url","web_app_invoice_url","description","status","created_at","allow_comments","allow_anonymous","paid_usd_rate","usd_rate","paid_at","paid_anonymously","hidden_message","payload","paid_btn_name","paid_btn_url"]}
[12-Sep-2025 23:49:22 UTC] [api][7bf0a59754e9][INFO] cryptobot.invoice.extracted {"from":"data.payload","src":{"invoice_id":"data.payload.invoice_id","status":"data.payload.status","amount":"data.payload.amount","currency":"data.payload.fiat","payload":"data.payload.payload","created_at":"data.payload.created_at"},"invoice_id":"741872","status":"paid","amount":8,"currency":"USD","has_payload":true}
[12-Sep-2025 23:49:22 UTC] [api][7bf0a59754e9][INFO] cryptobot.payload.kv {"uid":"84895335","plan":"6m","days":"186"}
[12-Sep-2025 23:49:22 UTC] [api][7bf0a59754e9][INFO] schema.inspect {"table":"users","col":"created_at","has":false}
[12-Sep-2025 23:49:22 UTC] [api][7bf0a59754e9][INFO] ensure_user.sql {"has_created_at":false}
[12-Sep-2025 23:49:22 UTC] [api][7bf0a59754e9][ERROR] unhandled {"ex":"SQLSTATE[HY000]: General error: 1 unrecognized token: \":\""}
[12-Sep-2025 23:49:22 UTC] [api][7bf0a59754e9][WARN] bad_request: unhandled: SQLSTATE[HY000]: General error: 1 unrecognized token: ":" 
[12-Sep-2025 23:49:33 UTC] [api][8991ddc5a6bb][INFO] request.begin {"action":"cryptobot","method":"POST","ip":"104.248.195.90"}
[12-Sep-2025 23:49:33 UTC] [api][8991ddc5a6bb][INFO] db.connected {"driver":"sqlite"}
[12-Sep-2025 23:49:33 UTC] [api][8991ddc5a6bb][INFO] db.bootstrap.begin {"sqlite":true}
[12-Sep-2025 23:49:33 UTC] [api][8991ddc5a6bb][INFO] db.bootstrap.ok 
[12-Sep-2025 23:49:33 UTC] [api][8991ddc5a6bb][INFO] cryptobot.auth.check {"has_hdr_token":false,"has_hdr_secret":false,"has_qs_secret":false,"trusted_ip":true,"ip":"104.248.195.90","mode":"relaxed"}
[12-Sep-2025 23:49:33 UTC] [api][8991ddc5a6bb][INFO] cryptobot.auth.ok {"by":"ip","ip":"104.248.195.90"}
[12-Sep-2025 23:49:33 UTC] [api][8991ddc5a6bb][INFO] cryptobot.payload.recv {"bytes":1200,"preview":"{\"update_id\":1899016,\"update_type\":\"invoice_paid\",\"request_date\":\"2025-09-12T23:49:33.030Z\",\"payload\":{\"invoice_id\":741895,\"hash\":\"IVoPNN05avd3\",\"currency_type\":\"fiat\",\"fiat\":\"USD\",\"amount\":\"5\",\"paid_asset\":\"USDT\",\"paid_amount\":\"4.99629816\",\"paid_fiat_rate\":\"1.00074091\",\"accepted_assets\":[\"USDT\",\"TON\",\"BTC\",\"ETH\",\"LTC\",\"BNB\",\"TRX\",\"USDC\"],\"fee_asset\":\"USDT\",\"fee_amount\":\"0.1498889448\",\"fee\":\"0.149"}
[12-Sep-2025 23:49:33 UTC] [api][8991ddc5a6bb][INFO] cryptobot.payload.parsed {"update_type":"invoice_paid","keys":["update_id","update_type","request_date","payload"]}
[12-Sep-2025 23:49:33 UTC] [api][8991ddc5a6bb][INFO] cryptobot.invoice.keys {"where":"data.payload","keys":["invoice_id","hash","currency_type","fiat","amount","paid_asset","paid_amount","paid_fiat_rate","accepted_assets","fee_asset","fee_amount","fee","fee_in_usd","pay_url","bot_invoice_url","mini_app_invoice_url","web_app_invoice_url","description","status","created_at","allow_comments","allow_anonymous","paid_usd_rate","usd_rate","paid_at","paid_anonymously","hidden_message","payload","paid_btn_name","paid_btn_url"]}
[12-Sep-2025 23:49:33 UTC] [api][8991ddc5a6bb][INFO] cryptobot.invoice.extracted {"from":"data.payload","src":{"invoice_id":"data.payload.invoice_id","status":"data.payload.status","amount":"data.payload.amount","currency":"data.payload.fiat","payload":"data.payload.payload","created_at":"data.payload.created_at"},"invoice_id":"741895","status":"paid","amount":5,"currency":"USD","has_payload":true}
[12-Sep-2025 23:49:33 UTC] [api][8991ddc5a6bb][INFO] cryptobot.payload.kv {"uid":"84895335","plan":"3m","days":"93"}
[12-Sep-2025 23:49:33 UTC] [api][8991ddc5a6bb][INFO] schema.inspect {"table":"users","col":"created_at","has":false}
[12-Sep-2025 23:49:33 UTC] [api][8991ddc5a6bb][INFO] ensure_user.sql {"has_created_at":false}
[12-Sep-2025 23:49:33 UTC] [api][8991ddc5a6bb][ERROR] unhandled {"ex":"SQLSTATE[HY000]: General error: 1 unrecognized token: \":\""}
[12-Sep-2025 23:49:33 UTC] [api][8991ddc5a6bb][WARN] bad_request: unhandled: SQLSTATE[HY000]: General error: 1 unrecognized token: ":" 
[12-Sep-2025 23:49:34 UTC] [api][2b46ab689bdf][INFO] request.begin {"action":"cryptobot","method":"POST","ip":"104.248.195.90"}
[12-Sep-2025 23:49:34 UTC] [api][2b46ab689bdf][INFO] db.connected {"driver":"sqlite"}
[12-Sep-2025 23:49:34 UTC] [api][2b46ab689bdf][INFO] db.bootstrap.begin {"sqlite":true}
[12-Sep-2025 23:49:34 UTC] [api][2b46ab689bdf][INFO] db.bootstrap.ok 
[12-Sep-2025 23:49:34 UTC] [api][2b46ab689bdf][INFO] cryptobot.auth.check {"has_hdr_token":false,"has_hdr_secret":false,"has_qs_secret":false,"trusted_ip":true,"ip":"104.248.195.90","mode":"relaxed"}
[12-Sep-2025 23:49:34 UTC] [api][2b46ab689bdf][INFO] cryptobot.auth.ok {"by":"ip","ip":"104.248.195.90"}
[12-Sep-2025 23:49:34 UTC] [api][2b46ab689bdf][INFO] cryptobot.payload.recv {"bytes":1200,"preview":"{\"update_id\":1898987,\"update_type\":\"invoice_paid\",\"request_date\":\"2025-09-12T23:49:34.259Z\",\"payload\":{\"invoice_id\":741803,\"hash\":\"IV2aTxRJUGbw\",\"currency_type\":\"fiat\",\"fiat\":\"USD\",\"amount\":\"5\",\"paid_asset\":\"USDT\",\"paid_amount\":\"4.99617179\",\"paid_fiat_rate\":\"1.00076622\",\"accepted_assets\":[\"USDT\",\"TON\",\"BTC\",\"ETH\",\"LTC\",\"BNB\",\"TRX\",\"USDC\"],\"fee_asset\":\"USDT\",\"fee_amount\":\"0.1498851537\",\"fee\":\"0.149"}
[12-Sep-2025 23:49:34 UTC] [api][2b46ab689bdf][INFO] cryptobot.payload.parsed {"update_type":"invoice_paid","keys":["update_id","update_type","request_date","payload"]}
[12-Sep-2025 23:49:34 UTC] [api][2b46ab689bdf][INFO] cryptobot.invoice.keys {"where":"data.payload","keys":["invoice_id","hash","currency_type","fiat","amount","paid_asset","paid_amount","paid_fiat_rate","accepted_assets","fee_asset","fee_amount","fee","fee_in_usd","pay_url","bot_invoice_url","mini_app_invoice_url","web_app_invoice_url","description","status","created_at","allow_comments","allow_anonymous","paid_usd_rate","usd_rate","paid_at","paid_anonymously","hidden_message","payload","paid_btn_name","paid_btn_url"]}
[12-Sep-2025 23:49:34 UTC] [api][2b46ab689bdf][INFO] cryptobot.invoice.extracted {"from":"data.payload","src":{"invoice_id":"data.payload.invoice_id","status":"data.payload.status","amount":"data.payload.amount","currency":"data.payload.fiat","payload":"data.payload.payload","created_at":"data.payload.created_at"},"invoice_id":"741803","status":"paid","amount":5,"currency":"USD","has_payload":true}
[12-Sep-2025 23:49:34 UTC] [api][2b46ab689bdf][INFO] cryptobot.payload.kv {"uid":"84895335","plan":"3m","days":"93"}
[12-Sep-2025 23:49:34 UTC] [api][2b46ab689bdf][INFO] schema.inspect {"table":"users","col":"created_at","has":false}
[12-Sep-2025 23:49:34 UTC] [api][2b46ab689bdf][INFO] ensure_user.sql {"has_created_at":false}
[12-Sep-2025 23:49:34 UTC] [api][2b46ab689bdf][ERROR] unhandled {"ex":"SQLSTATE[HY000]: General error: 1 unrecognized token: \":\""}
[12-Sep-2025 23:49:34 UTC] [api][2b46ab689bdf][WARN] bad_request: unhandled: SQLSTATE[HY000]: General error: 1 unrecognized token: ":" 
[12-Sep-2025 23:49:49 UTC] [api][890621457b7d][INFO] request.begin {"action":"cryptobot","method":"POST","ip":"104.248.195.90"}
[12-Sep-2025 23:49:49 UTC] [api][890621457b7d][INFO] db.connected {"driver":"sqlite"}
[12-Sep-2025 23:49:49 UTC] [api][890621457b7d][INFO] db.bootstrap.begin {"sqlite":true}
[12-Sep-2025 23:49:49 UTC] [api][890621457b7d][INFO] db.bootstrap.ok 
[12-Sep-2025 23:49:49 UTC] [api][890621457b7d][INFO] cryptobot.auth.check {"has_hdr_token":false,"has_hdr_secret":false,"has_qs_secret":false,"trusted_ip":true,"ip":"104.248.195.90","mode":"relaxed"}
[12-Sep-2025 23:49:49 UTC] [api][890621457b7d][INFO] cryptobot.auth.ok {"by":"ip","ip":"104.248.195.90"}
[12-Sep-2025 23:49:49 UTC] [api][890621457b7d][INFO] cryptobot.payload.recv {"bytes":1202,"preview":"{\"update_id\":1899001,\"update_type\":\"invoice_paid\",\"request_date\":\"2025-09-12T23:49:49.261Z\",\"payload\":{\"invoice_id\":741892,\"hash\":\"IV4nP71dEY1b\",\"currency_type\":\"fiat\",\"fiat\":\"USD\",\"amount\":\"8\",\"paid_asset\":\"USDT\",\"paid_amount\":\"7.99359529\",\"paid_fiat_rate\":\"1.00080122\",\"accepted_assets\":[\"USDT\",\"TON\",\"BTC\",\"ETH\",\"LTC\",\"BNB\",\"TRX\",\"USDC\"],\"fee_asset\":\"USDT\",\"fee_amount\":\"0.2398078587\",\"fee\":\"0.239"}
[12-Sep-2025 23:49:49 UTC] [api][890621457b7d][INFO] cryptobot.payload.parsed {"update_type":"invoice_paid","keys":["update_id","update_type","request_date","payload"]}
[12-Sep-2025 23:49:49 UTC] [api][890621457b7d][INFO] cryptobot.invoice.keys {"where":"data.payload","keys":["invoice_id","hash","currency_type","fiat","amount","paid_asset","paid_amount","paid_fiat_rate","accepted_assets","fee_asset","fee_amount","fee","fee_in_usd","pay_url","bot_invoice_url","mini_app_invoice_url","web_app_invoice_url","description","status","created_at","allow_comments","allow_anonymous","paid_usd_rate","usd_rate","paid_at","paid_anonymously","hidden_message","payload","paid_btn_name","paid_btn_url"]}
[12-Sep-2025 23:49:49 UTC] [api][890621457b7d][INFO] cryptobot.invoice.extracted {"from":"data.payload","src":{"invoice_id":"data.payload.invoice_id","status":"data.payload.status","amount":"data.payload.amount","currency":"data.payload.fiat","payload":"data.payload.payload","created_at":"data.payload.created_at"},"invoice_id":"741892","status":"paid","amount":8,"currency":"USD","has_payload":true}
[12-Sep-2025 23:49:49 UTC] [api][890621457b7d][INFO] cryptobot.payload.kv {"uid":"84895335","plan":"6m","days":"186"}
[12-Sep-2025 23:49:49 UTC] [api][890621457b7d][INFO] schema.inspect {"table":"users","col":"created_at","has":false}
[12-Sep-2025 23:49:49 UTC] [api][890621457b7d][INFO] ensure_user.sql {"has_created_at":false}
[12-Sep-2025 23:49:49 UTC] [api][890621457b7d][ERROR] unhandled {"ex":"SQLSTATE[HY000]: General error: 1 unrecognized token: \":\""}
[12-Sep-2025 23:49:49 UTC] [api][890621457b7d][WARN] bad_request: unhandled: SQLSTATE[HY000]: General error: 1 unrecognized token: ":" 
[12-Sep-2025 23:49:56 UTC] [api][47fd590ba74e][INFO] request.begin {"action":"cryptobot","method":"POST","ip":"104.248.195.90"}
[12-Sep-2025 23:49:56 UTC] [api][47fd590ba74e][INFO] db.connected {"driver":"sqlite"}
[12-Sep-2025 23:49:56 UTC] [api][47fd590ba74e][INFO] db.bootstrap.begin {"sqlite":true}
[12-Sep-2025 23:49:56 UTC] [api][47fd590ba74e][INFO] db.bootstrap.ok 
[12-Sep-2025 23:49:56 UTC] [api][47fd590ba74e][INFO] cryptobot.auth.check {"has_hdr_token":false,"has_hdr_secret":false,"has_qs_secret":false,"trusted_ip":true,"ip":"104.248.195.90","mode":"relaxed"}
[12-Sep-2025 23:49:56 UTC] [api][47fd590ba74e][INFO] cryptobot.auth.ok {"by":"ip","ip":"104.248.195.90"}
[12-Sep-2025 23:49:56 UTC] [api][47fd590ba74e][INFO] cryptobot.payload.recv {"bytes":1200,"preview":"{\"update_id\":1898991,\"update_type\":\"invoice_paid\",\"request_date\":\"2025-09-12T23:49:56.330Z\",\"payload\":{\"invoice_id\":741839,\"hash\":\"IVK8SjbPdXtM\",\"currency_type\":\"fiat\",\"fiat\":\"USD\",\"amount\":\"5\",\"paid_asset\":\"USDT\",\"paid_amount\":\"4.99599091\",\"paid_fiat_rate\":\"1.00080246\",\"accepted_assets\":[\"USDT\",\"TON\",\"BTC\",\"ETH\",\"LTC\",\"BNB\",\"TRX\",\"USDC\"],\"fee_asset\":\"USDT\",\"fee_amount\":\"0.1498797273\",\"fee\":\"0.149"}
[12-Sep-2025 23:49:56 UTC] [api][47fd590ba74e][INFO] cryptobot.payload.parsed {"update_type":"invoice_paid","keys":["update_id","update_type","request_date","payload"]}
[12-Sep-2025 23:49:56 UTC] [api][47fd590ba74e][INFO] cryptobot.invoice.keys {"where":"data.payload","keys":["invoice_id","hash","currency_type","fiat","amount","paid_asset","paid_amount","paid_fiat_rate","accepted_assets","fee_asset","fee_amount","fee","fee_in_usd","pay_url","bot_invoice_url","mini_app_invoice_url","web_app_invoice_url","description","status","created_at","allow_comments","allow_anonymous","paid_usd_rate","usd_rate","paid_at","paid_anonymously","hidden_message","payload","paid_btn_name","paid_btn_url"]}
[12-Sep-2025 23:49:56 UTC] [api][47fd590ba74e][INFO] cryptobot.invoice.extracted {"from":"data.payload","src":{"invoice_id":"data.payload.invoice_id","status":"data.payload.status","amount":"data.payload.amount","currency":"data.payload.fiat","payload":"data.payload.payload","created_at":"data.payload.created_at"},"invoice_id":"741839","status":"paid","amount":5,"currency":"USD","has_payload":true}
[12-Sep-2025 23:49:56 UTC] [api][47fd590ba74e][INFO] cryptobot.payload.kv {"uid":"84895335","plan":"3m","days":"93"}
[12-Sep-2025 23:49:56 UTC] [api][47fd590ba74e][INFO] schema.inspect {"table":"users","col":"created_at","has":false}
[12-Sep-2025 23:49:56 UTC] [api][47fd590ba74e][INFO] ensure_user.sql {"has_created_at":false}
[12-Sep-2025 23:49:56 UTC] [api][47fd590ba74e][ERROR] unhandled {"ex":"SQLSTATE[HY000]: General error: 1 unrecognized token: \":\""}
[12-Sep-2025 23:49:56 UTC] [api][47fd590ba74e][WARN] bad_request: unhandled: SQLSTATE[HY000]: General error: 1 unrecognized token: ":" 
[12-Sep-2025 23:51:14 UTC] [api][86b1beeaa46d][INFO] request.begin {"action":"cryptobot","method":"POST","ip":"104.248.195.90"}
[12-Sep-2025 23:51:14 UTC] [api][86b1beeaa46d][INFO] db.connected {"driver":"sqlite"}
[12-Sep-2025 23:51:14 UTC] [api][86b1beeaa46d][INFO] db.bootstrap.begin {"sqlite":true}
[12-Sep-2025 23:51:14 UTC] [api][86b1beeaa46d][INFO] db.bootstrap.ok 
[12-Sep-2025 23:51:14 UTC] [api][86b1beeaa46d][INFO] cryptobot.auth.check {"has_hdr_token":false,"has_hdr_secret":false,"has_qs_secret":false,"trusted_ip":true,"ip":"104.248.195.90","mode":"relaxed"}
[12-Sep-2025 23:51:14 UTC] [api][86b1beeaa46d][INFO] cryptobot.auth.ok {"by":"ip","ip":"104.248.195.90"}
[12-Sep-2025 23:51:14 UTC] [api][86b1beeaa46d][INFO] cryptobot.payload.recv {"bytes":1206,"preview":"{\"update_id\":1899005,\"update_type\":\"invoice_paid\",\"request_date\":\"2025-09-12T23:51:14.322Z\",\"payload\":{\"invoice_id\":741831,\"hash\":\"IVdUM4ouSb8F\",\"currency_type\":\"fiat\",\"fiat\":\"USD\",\"amount\":\"15\",\"paid_asset\":\"USDT\",\"paid_amount\":\"14.98951857\",\"paid_fiat_rate\":\"1.00069925\",\"accepted_assets\":[\"USDT\",\"TON\",\"BTC\",\"ETH\",\"LTC\",\"BNB\",\"TRX\",\"USDC\"],\"fee_asset\":\"USDT\",\"fee_amount\":\"0.4496855571\",\"fee\":\"0.4"}
[12-Sep-2025 23:51:14 UTC] [api][86b1beeaa46d][INFO] cryptobot.payload.parsed {"update_type":"invoice_paid","keys":["update_id","update_type","request_date","payload"]}
[12-Sep-2025 23:51:14 UTC] [api][86b1beeaa46d][INFO] cryptobot.invoice.keys {"where":"data.payload","keys":["invoice_id","hash","currency_type","fiat","amount","paid_asset","paid_amount","paid_fiat_rate","accepted_assets","fee_asset","fee_amount","fee","fee_in_usd","pay_url","bot_invoice_url","mini_app_invoice_url","web_app_invoice_url","description","status","created_at","allow_comments","allow_anonymous","paid_usd_rate","usd_rate","paid_at","paid_anonymously","hidden_message","payload","paid_btn_name","paid_btn_url"]}
[12-Sep-2025 23:51:14 UTC] [api][86b1beeaa46d][INFO] cryptobot.invoice.extracted {"from":"data.payload","src":{"invoice_id":"data.payload.invoice_id","status":"data.payload.status","amount":"data.payload.amount","currency":"data.payload.fiat","payload":"data.payload.payload","created_at":"data.payload.created_at"},"invoice_id":"741831","status":"paid","amount":15,"currency":"USD","has_payload":true}
[12-Sep-2025 23:51:14 UTC] [api][86b1beeaa46d][INFO] cryptobot.payload.kv {"uid":"84895335","plan":"12m","days":"372"}
[12-Sep-2025 23:51:14 UTC] [api][86b1beeaa46d][INFO] schema.inspect {"table":"users","col":"created_at","has":false}
[12-Sep-2025 23:51:14 UTC] [api][86b1beeaa46d][INFO] ensure_user.sql {"has_created_at":false}
[12-Sep-2025 23:51:14 UTC] [api][86b1beeaa46d][ERROR] unhandled {"ex":"SQLSTATE[HY000]: General error: 1 unrecognized token: \":\""}
[12-Sep-2025 23:51:14 UTC] [api][86b1beeaa46d][WARN] bad_request: unhandled: SQLSTATE[HY000]: General error: 1 unrecognized token: ":" 
[12-Sep-2025 23:51:20 UTC] [api][50b9629b6000][INFO] request.begin {"action":"cryptobot","method":"POST","ip":"104.248.195.90"}
[12-Sep-2025 23:51:20 UTC] [api][50b9629b6000][INFO] db.connected {"driver":"sqlite"}
[12-Sep-2025 23:51:20 UTC] [api][50b9629b6000][INFO] db.bootstrap.begin {"sqlite":true}
[12-Sep-2025 23:51:20 UTC] [api][50b9629b6000][INFO] db.bootstrap.ok 
[12-Sep-2025 23:51:20 UTC] [api][50b9629b6000][INFO] cryptobot.auth.check {"has_hdr_token":false,"has_hdr_secret":false,"has_qs_secret":false,"trusted_ip":true,"ip":"104.248.195.90","mode":"relaxed"}
[12-Sep-2025 23:51:20 UTC] [api][50b9629b6000][INFO] cryptobot.auth.ok {"by":"ip","ip":"104.248.195.90"}
[12-Sep-2025 23:51:20 UTC] [api][50b9629b6000][INFO] cryptobot.payload.recv {"bytes":1200,"preview":"{\"update_id\":1899006,\"update_type\":\"invoice_paid\",\"request_date\":\"2025-09-12T23:51:20.784Z\",\"payload\":{\"invoice_id\":741816,\"hash\":\"IVyF3EhKYZRH\",\"currency_type\":\"fiat\",\"fiat\":\"USD\",\"amount\":\"2\",\"paid_asset\":\"USDT\",\"paid_amount\":\"1.99837339\",\"paid_fiat_rate\":\"1.00081396\",\"accepted_assets\":[\"USDT\",\"TON\",\"BTC\",\"ETH\",\"LTC\",\"BNB\",\"TRX\",\"USDC\"],\"fee_asset\":\"USDT\",\"fee_amount\":\"0.0599512017\",\"fee\":\"0.059"}
[12-Sep-2025 23:51:20 UTC] [api][50b9629b6000][INFO] cryptobot.payload.parsed {"update_type":"invoice_paid","keys":["update_id","update_type","request_date","payload"]}
[12-Sep-2025 23:51:20 UTC] [api][50b9629b6000][INFO] cryptobot.invoice.keys {"where":"data.payload","keys":["invoice_id","hash","currency_type","fiat","amount","paid_asset","paid_amount","paid_fiat_rate","accepted_assets","fee_asset","fee_amount","fee","fee_in_usd","pay_url","bot_invoice_url","mini_app_invoice_url","web_app_invoice_url","description","status","created_at","allow_comments","allow_anonymous","paid_usd_rate","usd_rate","paid_at","paid_anonymously","hidden_message","payload","paid_btn_name","paid_btn_url"]}
[12-Sep-2025 23:51:20 UTC] [api][50b9629b6000][INFO] cryptobot.invoice.extracted {"from":"data.payload","src":{"invoice_id":"data.payload.invoice_id","status":"data.payload.status","amount":"data.payload.amount","currency":"data.payload.fiat","payload":"data.payload.payload","created_at":"data.payload.created_at"},"invoice_id":"741816","status":"paid","amount":2,"currency":"USD","has_payload":true}
[12-Sep-2025 23:51:20 UTC] [api][50b9629b6000][INFO] cryptobot.payload.kv {"uid":"84895335","plan":"1m","days":"31"}
[12-Sep-2025 23:51:20 UTC] [api][50b9629b6000][INFO] schema.inspect {"table":"users","col":"created_at","has":false}
[12-Sep-2025 23:51:20 UTC] [api][50b9629b6000][INFO] ensure_user.sql {"has_created_at":false}
[12-Sep-2025 23:51:20 UTC] [api][50b9629b6000][ERROR] unhandled {"ex":"SQLSTATE[HY000]: General error: 1 unrecognized token: \":\""}
[12-Sep-2025 23:51:20 UTC] [api][50b9629b6000][WARN] bad_request: unhandled: SQLSTATE[HY000]: General error: 1 unrecognized token: ":" 
[12-Sep-2025 23:51:20 UTC] [api][9410de610fc5][INFO] request.begin {"action":"cryptobot","method":"POST","ip":"104.248.195.90"}
[12-Sep-2025 23:51:20 UTC] [api][9410de610fc5][INFO] db.connected {"driver":"sqlite"}
[12-Sep-2025 23:51:20 UTC] [api][9410de610fc5][INFO] db.bootstrap.begin {"sqlite":true}
[12-Sep-2025 23:51:20 UTC] [api][9410de610fc5][INFO] db.bootstrap.ok 
[12-Sep-2025 23:51:20 UTC] [api][9410de610fc5][INFO] cryptobot.auth.check {"has_hdr_token":false,"has_hdr_secret":false,"has_qs_secret":false,"trusted_ip":true,"ip":"104.248.195.90","mode":"relaxed"}
[12-Sep-2025 23:51:20 UTC] [api][9410de610fc5][INFO] cryptobot.auth.ok {"by":"ip","ip":"104.248.195.90"}
[12-Sep-2025 23:51:20 UTC] [api][9410de610fc5][INFO] cryptobot.payload.recv {"bytes":1206,"preview":"{\"update_id\":1899008,\"update_type\":\"invoice_paid\",\"request_date\":\"2025-09-12T23:51:20.915Z\",\"payload\":{\"invoice_id\":741880,\"hash\":\"IV2mipoMFtdi\",\"currency_type\":\"fiat\",\"fiat\":\"USD\",\"amount\":\"15\",\"paid_asset\":\"USDT\",\"paid_amount\":\"14.98817837\",\"paid_fiat_rate\":\"1.00078873\",\"accepted_assets\":[\"USDT\",\"TON\",\"BTC\",\"ETH\",\"LTC\",\"BNB\",\"TRX\",\"USDC\"],\"fee_asset\":\"USDT\",\"fee_amount\":\"0.4496453511\",\"fee\":\"0.4"}
[12-Sep-2025 23:51:20 UTC] [api][9410de610fc5][INFO] cryptobot.payload.parsed {"update_type":"invoice_paid","keys":["update_id","update_type","request_date","payload"]}
[12-Sep-2025 23:51:20 UTC] [api][9410de610fc5][INFO] cryptobot.invoice.keys {"where":"data.payload","keys":["invoice_id","hash","currency_type","fiat","amount","paid_asset","paid_amount","paid_fiat_rate","accepted_assets","fee_asset","fee_amount","fee","fee_in_usd","pay_url","bot_invoice_url","mini_app_invoice_url","web_app_invoice_url","description","status","created_at","allow_comments","allow_anonymous","paid_usd_rate","usd_rate","paid_at","paid_anonymously","hidden_message","payload","paid_btn_name","paid_btn_url"]}
[12-Sep-2025 23:51:20 UTC] [api][9410de610fc5][INFO] cryptobot.invoice.extracted {"from":"data.payload","src":{"invoice_id":"data.payload.invoice_id","status":"data.payload.status","amount":"data.payload.amount","currency":"data.payload.fiat","payload":"data.payload.payload","created_at":"data.payload.created_at"},"invoice_id":"741880","status":"paid","amount":15,"currency":"USD","has_payload":true}
[12-Sep-2025 23:51:20 UTC] [api][9410de610fc5][INFO] cryptobot.payload.kv {"uid":"84895335","plan":"12m","days":"372"}
[12-Sep-2025 23:51:20 UTC] [api][9410de610fc5][INFO] schema.inspect {"table":"users","col":"created_at","has":false}
[12-Sep-2025 23:51:20 UTC] [api][9410de610fc5][INFO] ensure_user.sql {"has_created_at":false}
[12-Sep-2025 23:51:20 UTC] [api][9410de610fc5][ERROR] unhandled {"ex":"SQLSTATE[HY000]: General error: 1 unrecognized token: \":\""}
[12-Sep-2025 23:51:20 UTC] [api][9410de610fc5][WARN] bad_request: unhandled: SQLSTATE[HY000]: General error: 1 unrecognized token: ":" 
[12-Sep-2025 23:51:32 UTC] [api][7edb596a7774][INFO] request.begin {"action":"cryptobot","method":"POST","ip":"104.248.195.90"}
[12-Sep-2025 23:51:32 UTC] [api][7edb596a7774][INFO] db.connected {"driver":"sqlite"}
[12-Sep-2025 23:51:32 UTC] [api][7edb596a7774][INFO] db.bootstrap.begin {"sqlite":true}
[12-Sep-2025 23:51:32 UTC] [api][7edb596a7774][INFO] db.bootstrap.ok 
[12-Sep-2025 23:51:32 UTC] [api][7edb596a7774][INFO] cryptobot.auth.check {"has_hdr_token":false,"has_hdr_secret":false,"has_qs_secret":false,"trusted_ip":true,"ip":"104.248.195.90","mode":"relaxed"}
[12-Sep-2025 23:51:32 UTC] [api][7edb596a7774][INFO] cryptobot.auth.ok {"by":"ip","ip":"104.248.195.90"}
[12-Sep-2025 23:51:32 UTC] [api][7edb596a7774][INFO] cryptobot.payload.recv {"bytes":1202,"preview":"{\"update_id\":1899012,\"update_type\":\"invoice_paid\",\"request_date\":\"2025-09-12T23:51:32.645Z\",\"payload\":{\"invoice_id\":741837,\"hash\":\"IVWtWetmww1U\",\"currency_type\":\"fiat\",\"fiat\":\"USD\",\"amount\":\"8\",\"paid_asset\":\"USDT\",\"paid_amount\":\"7.99355628\",\"paid_fiat_rate\":\"1.00080611\",\"accepted_assets\":[\"USDT\",\"TON\",\"BTC\",\"ETH\",\"LTC\",\"BNB\",\"TRX\",\"USDC\"],\"fee_asset\":\"USDT\",\"fee_amount\":\"0.2398066884\",\"fee\":\"0.239"}
[12-Sep-2025 23:51:32 UTC] [api][7edb596a7774][INFO] cryptobot.payload.parsed {"update_type":"invoice_paid","keys":["update_id","update_type","request_date","payload"]}
[12-Sep-2025 23:51:32 UTC] [api][7edb596a7774][INFO] cryptobot.invoice.keys {"where":"data.payload","keys":["invoice_id","hash","currency_type","fiat","amount","paid_asset","paid_amount","paid_fiat_rate","accepted_assets","fee_asset","fee_amount","fee","fee_in_usd","pay_url","bot_invoice_url","mini_app_invoice_url","web_app_invoice_url","description","status","created_at","allow_comments","allow_anonymous","paid_usd_rate","usd_rate","paid_at","paid_anonymously","hidden_message","payload","paid_btn_name","paid_btn_url"]}
[12-Sep-2025 23:51:32 UTC] [api][7edb596a7774][INFO] cryptobot.invoice.extracted {"from":"data.payload","src":{"invoice_id":"data.payload.invoice_id","status":"data.payload.status","amount":"data.payload.amount","currency":"data.payload.fiat","payload":"data.payload.payload","created_at":"data.payload.created_at"},"invoice_id":"741837","status":"paid","amount":8,"currency":"USD","has_payload":true}
[12-Sep-2025 23:51:32 UTC] [api][7edb596a7774][INFO] cryptobot.payload.kv {"uid":"84895335","plan":"6m","days":"186"}
[12-Sep-2025 23:51:32 UTC] [api][7edb596a7774][INFO] schema.inspect {"table":"users","col":"created_at","has":false}
[12-Sep-2025 23:51:32 UTC] [api][7edb596a7774][INFO] ensure_user.sql {"has_created_at":false}
[12-Sep-2025 23:51:32 UTC] [api][7edb596a7774][ERROR] unhandled {"ex":"SQLSTATE[HY000]: General error: 1 unrecognized token: \":\""}
[12-Sep-2025 23:51:32 UTC] [api][7edb596a7774][WARN] bad_request: unhandled: SQLSTATE[HY000]: General error: 1 unrecognized token: ":" 
[12-Sep-2025 23:52:22 UTC] [api][24de8892e0c8][INFO] request.begin {"action":"cryptobot","method":"POST","ip":"104.248.195.90"}
[12-Sep-2025 23:52:22 UTC] [api][24de8892e0c8][INFO] db.connected {"driver":"sqlite"}
[12-Sep-2025 23:52:22 UTC] [api][24de8892e0c8][INFO] db.bootstrap.begin {"sqlite":true}
[12-Sep-2025 23:52:22 UTC] [api][24de8892e0c8][INFO] db.bootstrap.ok 
[12-Sep-2025 23:52:22 UTC] [api][24de8892e0c8][INFO] cryptobot.auth.check {"has_hdr_token":false,"has_hdr_secret":false,"has_qs_secret":false,"trusted_ip":true,"ip":"104.248.195.90","mode":"relaxed"}
[12-Sep-2025 23:52:22 UTC] [api][24de8892e0c8][INFO] cryptobot.auth.ok {"by":"ip","ip":"104.248.195.90"}
[12-Sep-2025 23:52:22 UTC] [api][24de8892e0c8][INFO] cryptobot.payload.recv {"bytes":1200,"preview":"{\"update_id\":1899015,\"update_type\":\"invoice_paid\",\"request_date\":\"2025-09-12T23:52:22.889Z\",\"payload\":{\"invoice_id\":741801,\"hash\":\"IVgg7fjoaz6v\",\"currency_type\":\"fiat\",\"fiat\":\"USD\",\"amount\":\"2\",\"paid_asset\":\"USDT\",\"paid_amount\":\"1.99837748\",\"paid_fiat_rate\":\"1.00081191\",\"accepted_assets\":[\"USDT\",\"TON\",\"BTC\",\"ETH\",\"LTC\",\"BNB\",\"TRX\",\"USDC\"],\"fee_asset\":\"USDT\",\"fee_amount\":\"0.0599513244\",\"fee\":\"0.059"}
[12-Sep-2025 23:52:22 UTC] [api][24de8892e0c8][INFO] cryptobot.payload.parsed {"update_type":"invoice_paid","keys":["update_id","update_type","request_date","payload"]}
[12-Sep-2025 23:52:22 UTC] [api][24de8892e0c8][INFO] cryptobot.invoice.keys {"where":"data.payload","keys":["invoice_id","hash","currency_type","fiat","amount","paid_asset","paid_amount","paid_fiat_rate","accepted_assets","fee_asset","fee_amount","fee","fee_in_usd","pay_url","bot_invoice_url","mini_app_invoice_url","web_app_invoice_url","description","status","created_at","allow_comments","allow_anonymous","paid_usd_rate","usd_rate","paid_at","paid_anonymously","hidden_message","payload","paid_btn_name","paid_btn_url"]}
[12-Sep-2025 23:52:22 UTC] [api][24de8892e0c8][INFO] cryptobot.invoice.extracted {"from":"data.payload","src":{"invoice_id":"data.payload.invoice_id","status":"data.payload.status","amount":"data.payload.amount","currency":"data.payload.fiat","payload":"data.payload.payload","created_at":"data.payload.created_at"},"invoice_id":"741801","status":"paid","amount":2,"currency":"USD","has_payload":true}
[12-Sep-2025 23:52:22 UTC] [api][24de8892e0c8][INFO] cryptobot.payload.kv {"uid":"84895335","plan":"1m","days":"31"}
[12-Sep-2025 23:52:22 UTC] [api][24de8892e0c8][INFO] schema.inspect {"table":"users","col":"created_at","has":false}
[12-Sep-2025 23:52:22 UTC] [api][24de8892e0c8][INFO] ensure_user.sql {"has_created_at":false}
[12-Sep-2025 23:52:22 UTC] [api][24de8892e0c8][ERROR] unhandled {"ex":"SQLSTATE[HY000]: General error: 1 unrecognized token: \":\""}
[12-Sep-2025 23:52:22 UTC] [api][24de8892e0c8][WARN] bad_request: unhandled: SQLSTATE[HY000]: General error: 1 unrecognized token: ":" 
[12-Sep-2025 23:52:32 UTC] [api][6a2f0ce75db5][INFO] request.begin {"action":"cryptobot","method":"POST","ip":"104.248.195.90"}
[12-Sep-2025 23:52:32 UTC] [api][6a2f0ce75db5][INFO] db.connected {"driver":"sqlite"}
[12-Sep-2025 23:52:32 UTC] [api][6a2f0ce75db5][INFO] db.bootstrap.begin {"sqlite":true}
[12-Sep-2025 23:52:32 UTC] [api][6a2f0ce75db5][INFO] db.bootstrap.ok 
[12-Sep-2025 23:52:32 UTC] [api][6a2f0ce75db5][INFO] cryptobot.auth.check {"has_hdr_token":false,"has_hdr_secret":false,"has_qs_secret":false,"trusted_ip":true,"ip":"104.248.195.90","mode":"relaxed"}
[12-Sep-2025 23:52:32 UTC] [api][6a2f0ce75db5][INFO] cryptobot.auth.ok {"by":"ip","ip":"104.248.195.90"}
[12-Sep-2025 23:52:32 UTC] [api][6a2f0ce75db5][INFO] cryptobot.payload.recv {"bytes":1200,"preview":"{\"update_id\":1899017,\"update_type\":\"invoice_paid\",\"request_date\":\"2025-09-12T23:52:32.830Z\",\"payload\":{\"invoice_id\":741825,\"hash\":\"IV7TpAimWI1O\",\"currency_type\":\"fiat\",\"fiat\":\"USD\",\"amount\":\"2\",\"paid_asset\":\"USDT\",\"paid_amount\":\"1.99842924\",\"paid_fiat_rate\":\"1.00078599\",\"accepted_assets\":[\"USDT\",\"TON\",\"BTC\",\"ETH\",\"LTC\",\"BNB\",\"TRX\",\"USDC\"],\"fee_asset\":\"USDT\",\"fee_amount\":\"0.0599528772\",\"fee\":\"0.059"}
[12-Sep-2025 23:52:32 UTC] [api][6a2f0ce75db5][INFO] cryptobot.payload.parsed {"update_type":"invoice_paid","keys":["update_id","update_type","request_date","payload"]}
[12-Sep-2025 23:52:32 UTC] [api][6a2f0ce75db5][INFO] cryptobot.invoice.keys {"where":"data.payload","keys":["invoice_id","hash","currency_type","fiat","amount","paid_asset","paid_amount","paid_fiat_rate","accepted_assets","fee_asset","fee_amount","fee","fee_in_usd","pay_url","bot_invoice_url","mini_app_invoice_url","web_app_invoice_url","description","status","created_at","allow_comments","allow_anonymous","paid_usd_rate","usd_rate","paid_at","paid_anonymously","hidden_message","payload","paid_btn_name","paid_btn_url"]}
[12-Sep-2025 23:52:32 UTC] [api][6a2f0ce75db5][INFO] cryptobot.invoice.extracted {"from":"data.payload","src":{"invoice_id":"data.payload.invoice_id","status":"data.payload.status","amount":"data.payload.amount","currency":"data.payload.fiat","payload":"data.payload.payload","created_at":"data.payload.created_at"},"invoice_id":"741825","status":"paid","amount":2,"currency":"USD","has_payload":true}
[12-Sep-2025 23:52:32 UTC] [api][6a2f0ce75db5][INFO] cryptobot.payload.kv {"uid":"84895335","plan":"1m","days":"31"}
[12-Sep-2025 23:52:32 UTC] [api][6a2f0ce75db5][INFO] schema.inspect {"table":"users","col":"created_at","has":false}
[12-Sep-2025 23:52:32 UTC] [api][6a2f0ce75db5][INFO] ensure_user.sql {"has_created_at":false}
[12-Sep-2025 23:52:32 UTC] [api][6a2f0ce75db5][ERROR] unhandled {"ex":"SQLSTATE[HY000]: General error: 1 unrecognized token: \":\""}
[12-Sep-2025 23:52:32 UTC] [api][6a2f0ce75db5][WARN] bad_request: unhandled: SQLSTATE[HY000]: General error: 1 unrecognized token: ":" 
[12-Sep-2025 23:53:03 UTC] [api][c69e8e6b63fb][INFO] request.begin {"action":"cryptobot","method":"POST","ip":"104.248.195.90"}
[12-Sep-2025 23:53:03 UTC] [api][c69e8e6b63fb][INFO] db.connected {"driver":"sqlite"}
[12-Sep-2025 23:53:03 UTC] [api][c69e8e6b63fb][INFO] db.bootstrap.begin {"sqlite":true}
[12-Sep-2025 23:53:03 UTC] [api][c69e8e6b63fb][INFO] db.bootstrap.ok 
[12-Sep-2025 23:53:03 UTC] [api][c69e8e6b63fb][INFO] cryptobot.auth.check {"has_hdr_token":false,"has_hdr_secret":false,"has_qs_secret":false,"trusted_ip":true,"ip":"104.248.195.90","mode":"relaxed"}
[12-Sep-2025 23:53:03 UTC] [api][c69e8e6b63fb][INFO] cryptobot.auth.ok {"by":"ip","ip":"104.248.195.90"}
[12-Sep-2025 23:53:03 UTC] [api][c69e8e6b63fb][INFO] cryptobot.payload.recv {"bytes":1202,"preview":"{\"update_id\":1899023,\"update_type\":\"invoice_paid\",\"request_date\":\"2025-09-12T23:53:03.539Z\",\"payload\":{\"invoice_id\":741886,\"hash\":\"IV9HMAo6uJ5X\",\"currency_type\":\"fiat\",\"fiat\":\"USD\",\"amount\":\"8\",\"paid_asset\":\"USDT\",\"paid_amount\":\"7.99379026\",\"paid_fiat_rate\":\"1.00077681\",\"accepted_assets\":[\"USDT\",\"TON\",\"BTC\",\"ETH\",\"LTC\",\"BNB\",\"TRX\",\"USDC\"],\"fee_asset\":\"USDT\",\"fee_amount\":\"0.2398137078\",\"fee\":\"0.239"}
[12-Sep-2025 23:53:03 UTC] [api][c69e8e6b63fb][INFO] cryptobot.payload.parsed {"update_type":"invoice_paid","keys":["update_id","update_type","request_date","payload"]}
[12-Sep-2025 23:53:03 UTC] [api][c69e8e6b63fb][INFO] cryptobot.invoice.keys {"where":"data.payload","keys":["invoice_id","hash","currency_type","fiat","amount","paid_asset","paid_amount","paid_fiat_rate","accepted_assets","fee_asset","fee_amount","fee","fee_in_usd","pay_url","bot_invoice_url","mini_app_invoice_url","web_app_invoice_url","description","status","created_at","allow_comments","allow_anonymous","paid_usd_rate","usd_rate","paid_at","paid_anonymously","hidden_message","payload","paid_btn_name","paid_btn_url"]}
[12-Sep-2025 23:53:03 UTC] [api][c69e8e6b63fb][INFO] cryptobot.invoice.extracted {"from":"data.payload","src":{"invoice_id":"data.payload.invoice_id","status":"data.payload.status","amount":"data.payload.amount","currency":"data.payload.fiat","payload":"data.payload.payload","created_at":"data.payload.created_at"},"invoice_id":"741886","status":"paid","amount":8,"currency":"USD","has_payload":true}
[12-Sep-2025 23:53:03 UTC] [api][c69e8e6b63fb][INFO] cryptobot.payload.kv {"uid":"84895335","plan":"6m","days":"186"}
[12-Sep-2025 23:53:03 UTC] [api][c69e8e6b63fb][INFO] schema.inspect {"table":"users","col":"created_at","has":false}
[12-Sep-2025 23:53:03 UTC] [api][c69e8e6b63fb][INFO] ensure_user.sql {"has_created_at":false}
[12-Sep-2025 23:53:03 UTC] [api][c69e8e6b63fb][ERROR] unhandled {"ex":"SQLSTATE[HY000]: General error: 1 unrecognized token: \":\""}
[12-Sep-2025 23:53:03 UTC] [api][c69e8e6b63fb][WARN] bad_request: unhandled: SQLSTATE[HY000]: General error: 1 unrecognized token: ":" 
[12-Sep-2025 23:53:36 UTC] [api][e59c84794f2f][INFO] request.begin {"action":"cryptobot","method":"POST","ip":"104.248.195.90"}
[12-Sep-2025 23:53:36 UTC] [api][e59c84794f2f][INFO] db.connected {"driver":"sqlite"}
[12-Sep-2025 23:53:36 UTC] [api][e59c84794f2f][INFO] db.bootstrap.begin {"sqlite":true}
[12-Sep-2025 23:53:36 UTC] [api][e59c84794f2f][INFO] db.bootstrap.ok 
[12-Sep-2025 23:53:36 UTC] [api][e59c84794f2f][INFO] cryptobot.auth.check {"has_hdr_token":false,"has_hdr_secret":false,"has_qs_secret":false,"trusted_ip":true,"ip":"104.248.195.90","mode":"relaxed"}
[12-Sep-2025 23:53:36 UTC] [api][e59c84794f2f][INFO] cryptobot.auth.ok {"by":"ip","ip":"104.248.195.90"}
[12-Sep-2025 23:53:36 UTC] [api][e59c84794f2f][INFO] cryptobot.payload.recv {"bytes":1206,"preview":"{\"update_id\":1899058,\"update_type\":\"invoice_paid\",\"request_date\":\"2025-09-12T23:53:36.641Z\",\"payload\":{\"invoice_id\":741899,\"hash\":\"IVOjJ6rFch9j\",\"currency_type\":\"fiat\",\"fiat\":\"USD\",\"amount\":\"15\",\"paid_asset\":\"USDT\",\"paid_amount\":\"14.98879466\",\"paid_fiat_rate\":\"1.00074758\",\"accepted_assets\":[\"USDT\",\"TON\",\"BTC\",\"ETH\",\"LTC\",\"BNB\",\"TRX\",\"USDC\"],\"fee_asset\":\"USDT\",\"fee_amount\":\"0.4496638398\",\"fee\":\"0.4"}
[12-Sep-2025 23:53:36 UTC] [api][e59c84794f2f][INFO] cryptobot.payload.parsed {"update_type":"invoice_paid","keys":["update_id","update_type","request_date","payload"]}
[12-Sep-2025 23:53:36 UTC] [api][e59c84794f2f][INFO] cryptobot.invoice.keys {"where":"data.payload","keys":["invoice_id","hash","currency_type","fiat","amount","paid_asset","paid_amount","paid_fiat_rate","accepted_assets","fee_asset","fee_amount","fee","fee_in_usd","pay_url","bot_invoice_url","mini_app_invoice_url","web_app_invoice_url","description","status","created_at","allow_comments","allow_anonymous","paid_usd_rate","usd_rate","paid_at","paid_anonymously","hidden_message","payload","paid_btn_name","paid_btn_url"]}
[12-Sep-2025 23:53:36 UTC] [api][e59c84794f2f][INFO] cryptobot.invoice.extracted {"from":"data.payload","src":{"invoice_id":"data.payload.invoice_id","status":"data.payload.status","amount":"data.payload.amount","currency":"data.payload.fiat","payload":"data.payload.payload","created_at":"data.payload.created_at"},"invoice_id":"741899","status":"paid","amount":15,"currency":"USD","has_payload":true}
[12-Sep-2025 23:53:36 UTC] [api][e59c84794f2f][INFO] cryptobot.payload.kv {"uid":"84895335","plan":"12m","days":"372"}
[12-Sep-2025 23:53:36 UTC] [api][e59c84794f2f][INFO] ensure_user.sql 
[12-Sep-2025 23:53:36 UTC] [api][e59c84794f2f][INFO] cryptobot.applied {"uid":84895335,"days_added":372,"premium_active_now":373,"auth":"ip"}
[12-Sep-2025 23:53:47 UTC] [api][2f7277fe60fc][INFO] request.begin {"action":"cryptobot","method":"POST","ip":"104.248.195.90"}
[12-Sep-2025 23:53:47 UTC] [api][2f7277fe60fc][INFO] db.connected {"driver":"sqlite"}
[12-Sep-2025 23:53:47 UTC] [api][2f7277fe60fc][INFO] db.bootstrap.begin {"sqlite":true}
[12-Sep-2025 23:53:47 UTC] [api][2f7277fe60fc][INFO] db.bootstrap.ok 
[12-Sep-2025 23:53:47 UTC] [api][2f7277fe60fc][INFO] cryptobot.auth.check {"has_hdr_token":false,"has_hdr_secret":false,"has_qs_secret":false,"trusted_ip":true,"ip":"104.248.195.90","mode":"relaxed"}
[12-Sep-2025 23:53:47 UTC] [api][2f7277fe60fc][INFO] cryptobot.auth.ok {"by":"ip","ip":"104.248.195.90"}
[12-Sep-2025 23:53:47 UTC] [api][2f7277fe60fc][INFO] cryptobot.payload.recv {"bytes":1206,"preview":"{\"update_id\":1899024,\"update_type\":\"invoice_paid\",\"request_date\":\"2025-09-12T23:53:47.703Z\",\"payload\":{\"invoice_id\":741838,\"hash\":\"IVVLyfWCkmqd\",\"currency_type\":\"fiat\",\"fiat\":\"USD\",\"amount\":\"15\",\"paid_asset\":\"USDT\",\"paid_amount\":\"14.98936878\",\"paid_fiat_rate\":\"1.00070925\",\"accepted_assets\":[\"USDT\",\"TON\",\"BTC\",\"ETH\",\"LTC\",\"BNB\",\"TRX\",\"USDC\"],\"fee_asset\":\"USDT\",\"fee_amount\":\"0.4496810634\",\"fee\":\"0.4"}
[12-Sep-2025 23:53:47 UTC] [api][2f7277fe60fc][INFO] cryptobot.payload.parsed {"update_type":"invoice_paid","keys":["update_id","update_type","request_date","payload"]}
[12-Sep-2025 23:53:47 UTC] [api][2f7277fe60fc][INFO] cryptobot.invoice.keys {"where":"data.payload","keys":["invoice_id","hash","currency_type","fiat","amount","paid_asset","paid_amount","paid_fiat_rate","accepted_assets","fee_asset","fee_amount","fee","fee_in_usd","pay_url","bot_invoice_url","mini_app_invoice_url","web_app_invoice_url","description","status","created_at","allow_comments","allow_anonymous","paid_usd_rate","usd_rate","paid_at","paid_anonymously","hidden_message","payload","paid_btn_name","paid_btn_url"]}
[12-Sep-2025 23:53:47 UTC] [api][2f7277fe60fc][INFO] cryptobot.invoice.extracted {"from":"data.payload","src":{"invoice_id":"data.payload.invoice_id","status":"data.payload.status","amount":"data.payload.amount","currency":"data.payload.fiat","payload":"data.payload.payload","created_at":"data.payload.created_at"},"invoice_id":"741838","status":"paid","amount":15,"currency":"USD","has_payload":true}
[12-Sep-2025 23:53:47 UTC] [api][2f7277fe60fc][INFO] cryptobot.payload.kv {"uid":"84895335","plan":"12m","days":"372"}
[12-Sep-2025 23:53:47 UTC] [api][2f7277fe60fc][INFO] ensure_user.sql 
[12-Sep-2025 23:53:47 UTC] [api][2f7277fe60fc][INFO] cryptobot.applied {"uid":84895335,"days_added":372,"premium_active_now":745,"auth":"ip"}
[12-Sep-2025 23:53:49 UTC] [api][418e25f0aadc][INFO] request.begin {"action":"cryptobot","method":"POST","ip":"104.248.195.90"}
[12-Sep-2025 23:53:49 UTC] [api][418e25f0aadc][INFO] db.connected {"driver":"sqlite"}
[12-Sep-2025 23:53:49 UTC] [api][418e25f0aadc][INFO] db.bootstrap.begin {"sqlite":true}
[12-Sep-2025 23:53:49 UTC] [api][418e25f0aadc][INFO] db.bootstrap.ok 
[12-Sep-2025 23:53:49 UTC] [api][418e25f0aadc][INFO] cryptobot.auth.check {"has_hdr_token":false,"has_hdr_secret":false,"has_qs_secret":false,"trusted_ip":true,"ip":"104.248.195.90","mode":"relaxed"}
[12-Sep-2025 23:53:49 UTC] [api][418e25f0aadc][INFO] cryptobot.auth.ok {"by":"ip","ip":"104.248.195.90"}
[12-Sep-2025 23:53:49 UTC] [api][418e25f0aadc][INFO] cryptobot.payload.recv {"bytes":1200,"preview":"{\"update_id\":1899028,\"update_type\":\"invoice_paid\",\"request_date\":\"2025-09-12T23:53:49.144Z\",\"payload\":{\"invoice_id\":741895,\"hash\":\"IVoPNN05avd3\",\"currency_type\":\"fiat\",\"fiat\":\"USD\",\"amount\":\"5\",\"paid_asset\":\"USDT\",\"paid_amount\":\"4.99629816\",\"paid_fiat_rate\":\"1.00074091\",\"accepted_assets\":[\"USDT\",\"TON\",\"BTC\",\"ETH\",\"LTC\",\"BNB\",\"TRX\",\"USDC\"],\"fee_asset\":\"USDT\",\"fee_amount\":\"0.1498889448\",\"fee\":\"0.149"}
[12-Sep-2025 23:53:49 UTC] [api][418e25f0aadc][INFO] cryptobot.payload.parsed {"update_type":"invoice_paid","keys":["update_id","update_type","request_date","payload"]}
[12-Sep-2025 23:53:49 UTC] [api][418e25f0aadc][INFO] cryptobot.invoice.keys {"where":"data.payload","keys":["invoice_id","hash","currency_type","fiat","amount","paid_asset","paid_amount","paid_fiat_rate","accepted_assets","fee_asset","fee_amount","fee","fee_in_usd","pay_url","bot_invoice_url","mini_app_invoice_url","web_app_invoice_url","description","status","created_at","allow_comments","allow_anonymous","paid_usd_rate","usd_rate","paid_at","paid_anonymously","hidden_message","payload","paid_btn_name","paid_btn_url"]}
[12-Sep-2025 23:53:49 UTC] [api][418e25f0aadc][INFO] cryptobot.invoice.extracted {"from":"data.payload","src":{"invoice_id":"data.payload.invoice_id","status":"data.payload.status","amount":"data.payload.amount","currency":"data.payload.fiat","payload":"data.payload.payload","created_at":"data.payload.created_at"},"invoice_id":"741895","status":"paid","amount":5,"currency":"USD","has_payload":true}
[12-Sep-2025 23:53:49 UTC] [api][418e25f0aadc][INFO] cryptobot.payload.kv {"uid":"84895335","plan":"3m","days":"93"}
[12-Sep-2025 23:53:49 UTC] [api][418e25f0aadc][INFO] ensure_user.sql 
[12-Sep-2025 23:53:49 UTC] [api][418e25f0aadc][INFO] cryptobot.applied {"uid":84895335,"days_added":93,"premium_active_now":838,"auth":"ip"}
[12-Sep-2025 23:54:05 UTC] [api][ea7266072056][INFO] request.begin {"action":"cryptobot","method":"POST","ip":"104.248.195.90"}
[12-Sep-2025 23:54:05 UTC] [api][ea7266072056][INFO] db.connected {"driver":"sqlite"}
[12-Sep-2025 23:54:05 UTC] [api][ea7266072056][INFO] db.bootstrap.begin {"sqlite":true}
[12-Sep-2025 23:54:05 UTC] [api][ea7266072056][INFO] db.bootstrap.ok 
[12-Sep-2025 23:54:05 UTC] [api][ea7266072056][INFO] cryptobot.auth.check {"has_hdr_token":false,"has_hdr_secret":false,"has_qs_secret":false,"trusted_ip":true,"ip":"104.248.195.90","mode":"relaxed"}
[12-Sep-2025 23:54:05 UTC] [api][ea7266072056][INFO] cryptobot.auth.ok {"by":"ip","ip":"104.248.195.90"}
[12-Sep-2025 23:54:05 UTC] [api][ea7266072056][INFO] cryptobot.payload.recv {"bytes":1206,"preview":"{\"update_id\":1899025,\"update_type\":\"invoice_paid\",\"request_date\":\"2025-09-12T23:54:05.235Z\",\"payload\":{\"invoice_id\":741893,\"hash\":\"IVKve9cRJNE4\",\"currency_type\":\"fiat\",\"fiat\":\"USD\",\"amount\":\"15\",\"paid_asset\":\"USDT\",\"paid_amount\":\"14.99002149\",\"paid_fiat_rate\":\"1.00066567\",\"accepted_assets\":[\"USDT\",\"TON\",\"BTC\",\"ETH\",\"LTC\",\"BNB\",\"TRX\",\"USDC\"],\"fee_asset\":\"USDT\",\"fee_amount\":\"0.4497006447\",\"fee\":\"0.4"}
[12-Sep-2025 23:54:05 UTC] [api][ea7266072056][INFO] cryptobot.payload.parsed {"update_type":"invoice_paid","keys":["update_id","update_type","request_date","payload"]}
[12-Sep-2025 23:54:05 UTC] [api][ea7266072056][INFO] cryptobot.invoice.keys {"where":"data.payload","keys":["invoice_id","hash","currency_type","fiat","amount","paid_asset","paid_amount","paid_fiat_rate","accepted_assets","fee_asset","fee_amount","fee","fee_in_usd","pay_url","bot_invoice_url","mini_app_invoice_url","web_app_invoice_url","description","status","created_at","allow_comments","allow_anonymous","paid_usd_rate","usd_rate","paid_at","paid_anonymously","hidden_message","payload","paid_btn_name","paid_btn_url"]}
[12-Sep-2025 23:54:05 UTC] [api][ea7266072056][INFO] cryptobot.invoice.extracted {"from":"data.payload","src":{"invoice_id":"data.payload.invoice_id","status":"data.payload.status","amount":"data.payload.amount","currency":"data.payload.fiat","payload":"data.payload.payload","created_at":"data.payload.created_at"},"invoice_id":"741893","status":"paid","amount":15,"currency":"USD","has_payload":true}
[12-Sep-2025 23:54:05 UTC] [api][ea7266072056][INFO] cryptobot.payload.kv {"uid":"84895335","plan":"12m","days":"372"}
[12-Sep-2025 23:54:05 UTC] [api][ea7266072056][INFO] ensure_user.sql 
[12-Sep-2025 23:54:05 UTC] [api][ea7266072056][INFO] cryptobot.applied {"uid":84895335,"days_added":372,"premium_active_now":1210,"auth":"ip"}
[12-Sep-2025 23:54:23 UTC] [api][536a8aead51b][INFO] request.begin {"action":"cryptobot","method":"POST","ip":"104.248.195.90"}
[12-Sep-2025 23:54:23 UTC] [api][536a8aead51b][INFO] db.connected {"driver":"sqlite"}
[12-Sep-2025 23:54:23 UTC] [api][536a8aead51b][INFO] db.bootstrap.begin {"sqlite":true}
[12-Sep-2025 23:54:23 UTC] [api][536a8aead51b][INFO] db.bootstrap.ok 
[12-Sep-2025 23:54:23 UTC] [api][536a8aead51b][INFO] cryptobot.auth.check {"has_hdr_token":false,"has_hdr_secret":false,"has_qs_secret":false,"trusted_ip":true,"ip":"104.248.195.90","mode":"relaxed"}
[12-Sep-2025 23:54:23 UTC] [api][536a8aead51b][INFO] cryptobot.auth.ok {"by":"ip","ip":"104.248.195.90"}
[12-Sep-2025 23:54:23 UTC] [api][536a8aead51b][INFO] cryptobot.payload.recv {"bytes":1202,"preview":"{\"update_id\":1899027,\"update_type\":\"invoice_paid\",\"request_date\":\"2025-09-12T23:54:22.979Z\",\"payload\":{\"invoice_id\":741872,\"hash\":\"IVRjKbWkTnvG\",\"currency_type\":\"fiat\",\"fiat\":\"USD\",\"amount\":\"8\",\"paid_asset\":\"USDT\",\"paid_amount\":\"7.99433002\",\"paid_fiat_rate\":\"1.00070925\",\"accepted_assets\":[\"USDT\",\"TON\",\"BTC\",\"ETH\",\"LTC\",\"BNB\",\"TRX\",\"USDC\"],\"fee_asset\":\"USDT\",\"fee_amount\":\"0.2398299006\",\"fee\":\"0.239"}
[12-Sep-2025 23:54:23 UTC] [api][536a8aead51b][INFO] cryptobot.payload.parsed {"update_type":"invoice_paid","keys":["update_id","update_type","request_date","payload"]}
[12-Sep-2025 23:54:23 UTC] [api][536a8aead51b][INFO] cryptobot.invoice.keys {"where":"data.payload","keys":["invoice_id","hash","currency_type","fiat","amount","paid_asset","paid_amount","paid_fiat_rate","accepted_assets","fee_asset","fee_amount","fee","fee_in_usd","pay_url","bot_invoice_url","mini_app_invoice_url","web_app_invoice_url","description","status","created_at","allow_comments","allow_anonymous","paid_usd_rate","usd_rate","paid_at","paid_anonymously","hidden_message","payload","paid_btn_name","paid_btn_url"]}
[12-Sep-2025 23:54:23 UTC] [api][536a8aead51b][INFO] cryptobot.invoice.extracted {"from":"data.payload","src":{"invoice_id":"data.payload.invoice_id","status":"data.payload.status","amount":"data.payload.amount","currency":"data.payload.fiat","payload":"data.payload.payload","created_at":"data.payload.created_at"},"invoice_id":"741872","status":"paid","amount":8,"currency":"USD","has_payload":true}
[12-Sep-2025 23:54:23 UTC] [api][536a8aead51b][INFO] cryptobot.payload.kv {"uid":"84895335","plan":"6m","days":"186"}
[12-Sep-2025 23:54:23 UTC] [api][536a8aead51b][INFO] ensure_user.sql 
[12-Sep-2025 23:54:23 UTC] [api][536a8aead51b][INFO] cryptobot.applied {"uid":84895335,"days_added":186,"premium_active_now":1396,"auth":"ip"}
[12-Sep-2025 23:54:34 UTC] [api][6252a68d54d1][INFO] request.begin {"action":"cryptobot","method":"POST","ip":"104.248.195.90"}
[12-Sep-2025 23:54:34 UTC] [api][6252a68d54d1][INFO] db.connected {"driver":"sqlite"}
[12-Sep-2025 23:54:34 UTC] [api][6252a68d54d1][INFO] db.bootstrap.begin {"sqlite":true}
[12-Sep-2025 23:54:34 UTC] [api][6252a68d54d1][INFO] db.bootstrap.ok 
[12-Sep-2025 23:54:34 UTC] [api][6252a68d54d1][INFO] cryptobot.auth.check {"has_hdr_token":false,"has_hdr_secret":false,"has_qs_secret":false,"trusted_ip":true,"ip":"104.248.195.90","mode":"relaxed"}
[12-Sep-2025 23:54:34 UTC] [api][6252a68d54d1][INFO] cryptobot.auth.ok {"by":"ip","ip":"104.248.195.90"}
[12-Sep-2025 23:54:34 UTC] [api][6252a68d54d1][INFO] cryptobot.payload.recv {"bytes":1200,"preview":"{\"update_id\":1899029,\"update_type\":\"invoice_paid\",\"request_date\":\"2025-09-12T23:54:34.359Z\",\"payload\":{\"invoice_id\":741803,\"hash\":\"IV2aTxRJUGbw\",\"currency_type\":\"fiat\",\"fiat\":\"USD\",\"amount\":\"5\",\"paid_asset\":\"USDT\",\"paid_amount\":\"4.99617179\",\"paid_fiat_rate\":\"1.00076622\",\"accepted_assets\":[\"USDT\",\"TON\",\"BTC\",\"ETH\",\"LTC\",\"BNB\",\"TRX\",\"USDC\"],\"fee_asset\":\"USDT\",\"fee_amount\":\"0.1498851537\",\"fee\":\"0.149"}
[12-Sep-2025 23:54:34 UTC] [api][6252a68d54d1][INFO] cryptobot.payload.parsed {"update_type":"invoice_paid","keys":["update_id","update_type","request_date","payload"]}
[12-Sep-2025 23:54:34 UTC] [api][6252a68d54d1][INFO] cryptobot.invoice.keys {"where":"data.payload","keys":["invoice_id","hash","currency_type","fiat","amount","paid_asset","paid_amount","paid_fiat_rate","accepted_assets","fee_asset","fee_amount","fee","fee_in_usd","pay_url","bot_invoice_url","mini_app_invoice_url","web_app_invoice_url","description","status","created_at","allow_comments","allow_anonymous","paid_usd_rate","usd_rate","paid_at","paid_anonymously","hidden_message","payload","paid_btn_name","paid_btn_url"]}
[12-Sep-2025 23:54:34 UTC] [api][6252a68d54d1][INFO] cryptobot.invoice.extracted {"from":"data.payload","src":{"invoice_id":"data.payload.invoice_id","status":"data.payload.status","amount":"data.payload.amount","currency":"data.payload.fiat","payload":"data.payload.payload","created_at":"data.payload.created_at"},"invoice_id":"741803","status":"paid","amount":5,"currency":"USD","has_payload":true}
[12-Sep-2025 23:54:34 UTC] [api][6252a68d54d1][INFO] cryptobot.payload.kv {"uid":"84895335","plan":"3m","days":"93"}
[12-Sep-2025 23:54:34 UTC] [api][6252a68d54d1][INFO] ensure_user.sql 
[12-Sep-2025 23:54:34 UTC] [api][6252a68d54d1][INFO] cryptobot.applied {"uid":84895335,"days_added":93,"premium_active_now":1489,"auth":"ip"}
[12-Sep-2025 23:54:49 UTC] [api][523ce0127da9][INFO] request.begin {"action":"cryptobot","method":"POST","ip":"104.248.195.90"}
[12-Sep-2025 23:54:49 UTC] [api][523ce0127da9][INFO] db.connected {"driver":"sqlite"}
[12-Sep-2025 23:54:49 UTC] [api][523ce0127da9][INFO] db.bootstrap.begin {"sqlite":true}
[12-Sep-2025 23:54:49 UTC] [api][523ce0127da9][INFO] db.bootstrap.ok 
[12-Sep-2025 23:54:49 UTC] [api][523ce0127da9][INFO] cryptobot.auth.check {"has_hdr_token":false,"has_hdr_secret":false,"has_qs_secret":false,"trusted_ip":true,"ip":"104.248.195.90","mode":"relaxed"}
[12-Sep-2025 23:54:49 UTC] [api][523ce0127da9][INFO] cryptobot.auth.ok {"by":"ip","ip":"104.248.195.90"}
[12-Sep-2025 23:54:49 UTC] [api][523ce0127da9][INFO] cryptobot.payload.recv {"bytes":1202,"preview":"{\"update_id\":1899033,\"update_type\":\"invoice_paid\",\"request_date\":\"2025-09-12T23:54:49.416Z\",\"payload\":{\"invoice_id\":741892,\"hash\":\"IV4nP71dEY1b\",\"currency_type\":\"fiat\",\"fiat\":\"USD\",\"amount\":\"8\",\"paid_asset\":\"USDT\",\"paid_amount\":\"7.99359529\",\"paid_fiat_rate\":\"1.00080122\",\"accepted_assets\":[\"USDT\",\"TON\",\"BTC\",\"ETH\",\"LTC\",\"BNB\",\"TRX\",\"USDC\"],\"fee_asset\":\"USDT\",\"fee_amount\":\"0.2398078587\",\"fee\":\"0.239"}
[12-Sep-2025 23:54:49 UTC] [api][523ce0127da9][INFO] cryptobot.payload.parsed {"update_type":"invoice_paid","keys":["update_id","update_type","request_date","payload"]}
[12-Sep-2025 23:54:49 UTC] [api][523ce0127da9][INFO] cryptobot.invoice.keys {"where":"data.payload","keys":["invoice_id","hash","currency_type","fiat","amount","paid_asset","paid_amount","paid_fiat_rate","accepted_assets","fee_asset","fee_amount","fee","fee_in_usd","pay_url","bot_invoice_url","mini_app_invoice_url","web_app_invoice_url","description","status","created_at","allow_comments","allow_anonymous","paid_usd_rate","usd_rate","paid_at","paid_anonymously","hidden_message","payload","paid_btn_name","paid_btn_url"]}
[12-Sep-2025 23:54:49 UTC] [api][523ce0127da9][INFO] cryptobot.invoice.extracted {"from":"data.payload","src":{"invoice_id":"data.payload.invoice_id","status":"data.payload.status","amount":"data.payload.amount","currency":"data.payload.fiat","payload":"data.payload.payload","created_at":"data.payload.created_at"},"invoice_id":"741892","status":"paid","amount":8,"currency":"USD","has_payload":true}
[12-Sep-2025 23:54:49 UTC] [api][523ce0127da9][INFO] cryptobot.payload.kv {"uid":"84895335","plan":"6m","days":"186"}
[12-Sep-2025 23:54:49 UTC] [api][523ce0127da9][INFO] ensure_user.sql 
[12-Sep-2025 23:54:49 UTC] [api][523ce0127da9][INFO] cryptobot.applied {"uid":84895335,"days_added":186,"premium_active_now":1675,"auth":"ip"}
[12-Sep-2025 23:54:56 UTC] [api][3f40119a9d81][INFO] request.begin {"action":"cryptobot","method":"POST","ip":"104.248.195.90"}
[12-Sep-2025 23:54:56 UTC] [api][3f40119a9d81][INFO] db.connected {"driver":"sqlite"}
[12-Sep-2025 23:54:56 UTC] [api][3f40119a9d81][INFO] db.bootstrap.begin {"sqlite":true}
[12-Sep-2025 23:54:56 UTC] [api][3f40119a9d81][INFO] db.bootstrap.ok 
[12-Sep-2025 23:54:56 UTC] [api][3f40119a9d81][INFO] cryptobot.auth.check {"has_hdr_token":false,"has_hdr_secret":false,"has_qs_secret":false,"trusted_ip":true,"ip":"104.248.195.90","mode":"relaxed"}
[12-Sep-2025 23:54:56 UTC] [api][3f40119a9d81][INFO] cryptobot.auth.ok {"by":"ip","ip":"104.248.195.90"}
[12-Sep-2025 23:54:56 UTC] [api][3f40119a9d81][INFO] cryptobot.payload.recv {"bytes":1200,"preview":"{\"update_id\":1899034,\"update_type\":\"invoice_paid\",\"request_date\":\"2025-09-12T23:54:56.410Z\",\"payload\":{\"invoice_id\":741839,\"hash\":\"IVK8SjbPdXtM\",\"currency_type\":\"fiat\",\"fiat\":\"USD\",\"amount\":\"5\",\"paid_asset\":\"USDT\",\"paid_amount\":\"4.99599091\",\"paid_fiat_rate\":\"1.00080246\",\"accepted_assets\":[\"USDT\",\"TON\",\"BTC\",\"ETH\",\"LTC\",\"BNB\",\"TRX\",\"USDC\"],\"fee_asset\":\"USDT\",\"fee_amount\":\"0.1498797273\",\"fee\":\"0.149"}
[12-Sep-2025 23:54:56 UTC] [api][3f40119a9d81][INFO] cryptobot.payload.parsed {"update_type":"invoice_paid","keys":["update_id","update_type","request_date","payload"]}
[12-Sep-2025 23:54:56 UTC] [api][3f40119a9d81][INFO] cryptobot.invoice.keys {"where":"data.payload","keys":["invoice_id","hash","currency_type","fiat","amount","paid_asset","paid_amount","paid_fiat_rate","accepted_assets","fee_asset","fee_amount","fee","fee_in_usd","pay_url","bot_invoice_url","mini_app_invoice_url","web_app_invoice_url","description","status","created_at","allow_comments","allow_anonymous","paid_usd_rate","usd_rate","paid_at","paid_anonymously","hidden_message","payload","paid_btn_name","paid_btn_url"]}
[12-Sep-2025 23:54:56 UTC] [api][3f40119a9d81][INFO] cryptobot.invoice.extracted {"from":"data.payload","src":{"invoice_id":"data.payload.invoice_id","status":"data.payload.status","amount":"data.payload.amount","currency":"data.payload.fiat","payload":"data.payload.payload","created_at":"data.payload.created_at"},"invoice_id":"741839","status":"paid","amount":5,"currency":"USD","has_payload":true}
[12-Sep-2025 23:54:56 UTC] [api][3f40119a9d81][INFO] cryptobot.payload.kv {"uid":"84895335","plan":"3m","days":"93"}
[12-Sep-2025 23:54:56 UTC] [api][3f40119a9d81][INFO] ensure_user.sql 
[12-Sep-2025 23:54:56 UTC] [api][3f40119a9d81][INFO] cryptobot.applied {"uid":84895335,"days_added":93,"premium_active_now":1768,"auth":"ip"}
[12-Sep-2025 23:56:14 UTC] [api][15e8810330b0][INFO] request.begin {"action":"cryptobot","method":"POST","ip":"104.248.195.90"}
[12-Sep-2025 23:56:14 UTC] [api][15e8810330b0][INFO] db.connected {"driver":"sqlite"}
[12-Sep-2025 23:56:14 UTC] [api][15e8810330b0][INFO] db.bootstrap.begin {"sqlite":true}
[12-Sep-2025 23:56:14 UTC] [api][15e8810330b0][INFO] db.bootstrap.ok 
[12-Sep-2025 23:56:14 UTC] [api][15e8810330b0][INFO] cryptobot.auth.check {"has_hdr_token":false,"has_hdr_secret":false,"has_qs_secret":false,"trusted_ip":true,"ip":"104.248.195.90","mode":"relaxed"}
[12-Sep-2025 23:56:14 UTC] [api][15e8810330b0][INFO] cryptobot.auth.ok {"by":"ip","ip":"104.248.195.90"}
[12-Sep-2025 23:56:14 UTC] [api][15e8810330b0][INFO] cryptobot.payload.recv {"bytes":1206,"preview":"{\"update_id\":1899041,\"update_type\":\"invoice_paid\",\"request_date\":\"2025-09-12T23:56:14.466Z\",\"payload\":{\"invoice_id\":741831,\"hash\":\"IVdUM4ouSb8F\",\"currency_type\":\"fiat\",\"fiat\":\"USD\",\"amount\":\"15\",\"paid_asset\":\"USDT\",\"paid_amount\":\"14.98951857\",\"paid_fiat_rate\":\"1.00069925\",\"accepted_assets\":[\"USDT\",\"TON\",\"BTC\",\"ETH\",\"LTC\",\"BNB\",\"TRX\",\"USDC\"],\"fee_asset\":\"USDT\",\"fee_amount\":\"0.4496855571\",\"fee\":\"0.4"}
[12-Sep-2025 23:56:14 UTC] [api][15e8810330b0][INFO] cryptobot.payload.parsed {"update_type":"invoice_paid","keys":["update_id","update_type","request_date","payload"]}
[12-Sep-2025 23:56:14 UTC] [api][15e8810330b0][INFO] cryptobot.invoice.keys {"where":"data.payload","keys":["invoice_id","hash","currency_type","fiat","amount","paid_asset","paid_amount","paid_fiat_rate","accepted_assets","fee_asset","fee_amount","fee","fee_in_usd","pay_url","bot_invoice_url","mini_app_invoice_url","web_app_invoice_url","description","status","created_at","allow_comments","allow_anonymous","paid_usd_rate","usd_rate","paid_at","paid_anonymously","hidden_message","payload","paid_btn_name","paid_btn_url"]}
[12-Sep-2025 23:56:14 UTC] [api][15e8810330b0][INFO] cryptobot.invoice.extracted {"from":"data.payload","src":{"invoice_id":"data.payload.invoice_id","status":"data.payload.status","amount":"data.payload.amount","currency":"data.payload.fiat","payload":"data.payload.payload","created_at":"data.payload.created_at"},"invoice_id":"741831","status":"paid","amount":15,"currency":"USD","has_payload":true}
[12-Sep-2025 23:56:14 UTC] [api][15e8810330b0][INFO] cryptobot.payload.kv {"uid":"84895335","plan":"12m","days":"372"}
[12-Sep-2025 23:56:14 UTC] [api][15e8810330b0][INFO] ensure_user.sql 
[12-Sep-2025 23:56:14 UTC] [api][15e8810330b0][INFO] cryptobot.applied {"uid":84895335,"days_added":372,"premium_active_now":2140,"auth":"ip"}
[12-Sep-2025 23:56:21 UTC] [api][15e1690bba94][INFO] request.begin {"action":"cryptobot","method":"POST","ip":"104.248.195.90"}
[12-Sep-2025 23:56:21 UTC] [api][15e1690bba94][INFO] db.connected {"driver":"sqlite"}
[12-Sep-2025 23:56:21 UTC] [api][15e1690bba94][INFO] db.bootstrap.begin {"sqlite":true}
[12-Sep-2025 23:56:21 UTC] [api][15e1690bba94][INFO] db.bootstrap.ok 
[12-Sep-2025 23:56:21 UTC] [api][15e1690bba94][INFO] cryptobot.auth.check {"has_hdr_token":false,"has_hdr_secret":false,"has_qs_secret":false,"trusted_ip":true,"ip":"104.248.195.90","mode":"relaxed"}
[12-Sep-2025 23:56:21 UTC] [api][15e1690bba94][INFO] cryptobot.auth.ok {"by":"ip","ip":"104.248.195.90"}
[12-Sep-2025 23:56:21 UTC] [api][15e1690bba94][INFO] cryptobot.payload.recv {"bytes":1200,"preview":"{\"update_id\":1899042,\"update_type\":\"invoice_paid\",\"request_date\":\"2025-09-12T23:56:20.960Z\",\"payload\":{\"invoice_id\":741816,\"hash\":\"IVyF3EhKYZRH\",\"currency_type\":\"fiat\",\"fiat\":\"USD\",\"amount\":\"2\",\"paid_asset\":\"USDT\",\"paid_amount\":\"1.99837339\",\"paid_fiat_rate\":\"1.00081396\",\"accepted_assets\":[\"USDT\",\"TON\",\"BTC\",\"ETH\",\"LTC\",\"BNB\",\"TRX\",\"USDC\"],\"fee_asset\":\"USDT\",\"fee_amount\":\"0.0599512017\",\"fee\":\"0.059"}
[12-Sep-2025 23:56:21 UTC] [api][15e1690bba94][INFO] cryptobot.payload.parsed {"update_type":"invoice_paid","keys":["update_id","update_type","request_date","payload"]}
[12-Sep-2025 23:56:21 UTC] [api][15e1690bba94][INFO] cryptobot.invoice.keys {"where":"data.payload","keys":["invoice_id","hash","currency_type","fiat","amount","paid_asset","paid_amount","paid_fiat_rate","accepted_assets","fee_asset","fee_amount","fee","fee_in_usd","pay_url","bot_invoice_url","mini_app_invoice_url","web_app_invoice_url","description","status","created_at","allow_comments","allow_anonymous","paid_usd_rate","usd_rate","paid_at","paid_anonymously","hidden_message","payload","paid_btn_name","paid_btn_url"]}
[12-Sep-2025 23:56:21 UTC] [api][15e1690bba94][INFO] cryptobot.invoice.extracted {"from":"data.payload","src":{"invoice_id":"data.payload.invoice_id","status":"data.payload.status","amount":"data.payload.amount","currency":"data.payload.fiat","payload":"data.payload.payload","created_at":"data.payload.created_at"},"invoice_id":"741816","status":"paid","amount":2,"currency":"USD","has_payload":true}
[12-Sep-2025 23:56:21 UTC] [api][15e1690bba94][INFO] cryptobot.payload.kv {"uid":"84895335","plan":"1m","days":"31"}
[12-Sep-2025 23:56:21 UTC] [api][15e1690bba94][INFO] ensure_user.sql 
[12-Sep-2025 23:56:21 UTC] [api][15e1690bba94][INFO] cryptobot.applied {"uid":84895335,"days_added":31,"premium_active_now":2171,"auth":"ip"}
[12-Sep-2025 23:56:21 UTC] [api][d7e5194403f4][INFO] request.begin {"action":"cryptobot","method":"POST","ip":"104.248.195.90"}
[12-Sep-2025 23:56:21 UTC] [api][d7e5194403f4][INFO] db.connected {"driver":"sqlite"}
[12-Sep-2025 23:56:21 UTC] [api][d7e5194403f4][INFO] db.bootstrap.begin {"sqlite":true}
[12-Sep-2025 23:56:21 UTC] [api][d7e5194403f4][INFO] db.bootstrap.ok 
[12-Sep-2025 23:56:21 UTC] [api][d7e5194403f4][INFO] cryptobot.auth.check {"has_hdr_token":false,"has_hdr_secret":false,"has_qs_secret":false,"trusted_ip":true,"ip":"104.248.195.90","mode":"relaxed"}
[12-Sep-2025 23:56:21 UTC] [api][d7e5194403f4][INFO] cryptobot.auth.ok {"by":"ip","ip":"104.248.195.90"}
[12-Sep-2025 23:56:21 UTC] [api][d7e5194403f4][INFO] cryptobot.payload.recv {"bytes":1206,"preview":"{\"update_id\":1899043,\"update_type\":\"invoice_paid\",\"request_date\":\"2025-09-12T23:56:21.063Z\",\"payload\":{\"invoice_id\":741880,\"hash\":\"IV2mipoMFtdi\",\"currency_type\":\"fiat\",\"fiat\":\"USD\",\"amount\":\"15\",\"paid_asset\":\"USDT\",\"paid_amount\":\"14.98817837\",\"paid_fiat_rate\":\"1.00078873\",\"accepted_assets\":[\"USDT\",\"TON\",\"BTC\",\"ETH\",\"LTC\",\"BNB\",\"TRX\",\"USDC\"],\"fee_asset\":\"USDT\",\"fee_amount\":\"0.4496453511\",\"fee\":\"0.4"}
[12-Sep-2025 23:56:21 UTC] [api][d7e5194403f4][INFO] cryptobot.payload.parsed {"update_type":"invoice_paid","keys":["update_id","update_type","request_date","payload"]}
[12-Sep-2025 23:56:21 UTC] [api][d7e5194403f4][INFO] cryptobot.invoice.keys {"where":"data.payload","keys":["invoice_id","hash","currency_type","fiat","amount","paid_asset","paid_amount","paid_fiat_rate","accepted_assets","fee_asset","fee_amount","fee","fee_in_usd","pay_url","bot_invoice_url","mini_app_invoice_url","web_app_invoice_url","description","status","created_at","allow_comments","allow_anonymous","paid_usd_rate","usd_rate","paid_at","paid_anonymously","hidden_message","payload","paid_btn_name","paid_btn_url"]}
[12-Sep-2025 23:56:21 UTC] [api][d7e5194403f4][INFO] cryptobot.invoice.extracted {"from":"data.payload","src":{"invoice_id":"data.payload.invoice_id","status":"data.payload.status","amount":"data.payload.amount","currency":"data.payload.fiat","payload":"data.payload.payload","created_at":"data.payload.created_at"},"invoice_id":"741880","status":"paid","amount":15,"currency":"USD","has_payload":true}
[12-Sep-2025 23:56:21 UTC] [api][d7e5194403f4][INFO] cryptobot.payload.kv {"uid":"84895335","plan":"12m","days":"372"}
[12-Sep-2025 23:56:21 UTC] [api][d7e5194403f4][INFO] ensure_user.sql 
[12-Sep-2025 23:56:21 UTC] [api][d7e5194403f4][INFO] cryptobot.applied {"uid":84895335,"days_added":372,"premium_active_now":2543,"auth":"ip"}
[12-Sep-2025 23:56:32 UTC] [api][d471b21976ef][INFO] request.begin {"action":"cryptobot","method":"POST","ip":"104.248.195.90"}
[12-Sep-2025 23:56:32 UTC] [api][d471b21976ef][INFO] db.connected {"driver":"sqlite"}
[12-Sep-2025 23:56:32 UTC] [api][d471b21976ef][INFO] db.bootstrap.begin {"sqlite":true}
[12-Sep-2025 23:56:32 UTC] [api][d471b21976ef][INFO] db.bootstrap.ok 
[12-Sep-2025 23:56:32 UTC] [api][d471b21976ef][INFO] cryptobot.auth.check {"has_hdr_token":false,"has_hdr_secret":false,"has_qs_secret":false,"trusted_ip":true,"ip":"104.248.195.90","mode":"relaxed"}
[12-Sep-2025 23:56:32 UTC] [api][d471b21976ef][INFO] cryptobot.auth.ok {"by":"ip","ip":"104.248.195.90"}
[12-Sep-2025 23:56:32 UTC] [api][d471b21976ef][INFO] cryptobot.payload.recv {"bytes":1202,"preview":"{\"update_id\":1899047,\"update_type\":\"invoice_paid\",\"request_date\":\"2025-09-12T23:56:32.797Z\",\"payload\":{\"invoice_id\":741837,\"hash\":\"IVWtWetmww1U\",\"currency_type\":\"fiat\",\"fiat\":\"USD\",\"amount\":\"8\",\"paid_asset\":\"USDT\",\"paid_amount\":\"7.99355628\",\"paid_fiat_rate\":\"1.00080611\",\"accepted_assets\":[\"USDT\",\"TON\",\"BTC\",\"ETH\",\"LTC\",\"BNB\",\"TRX\",\"USDC\"],\"fee_asset\":\"USDT\",\"fee_amount\":\"0.2398066884\",\"fee\":\"0.239"}
[12-Sep-2025 23:56:32 UTC] [api][d471b21976ef][INFO] cryptobot.payload.parsed {"update_type":"invoice_paid","keys":["update_id","update_type","request_date","payload"]}
[12-Sep-2025 23:56:32 UTC] [api][d471b21976ef][INFO] cryptobot.invoice.keys {"where":"data.payload","keys":["invoice_id","hash","currency_type","fiat","amount","paid_asset","paid_amount","paid_fiat_rate","accepted_assets","fee_asset","fee_amount","fee","fee_in_usd","pay_url","bot_invoice_url","mini_app_invoice_url","web_app_invoice_url","description","status","created_at","allow_comments","allow_anonymous","paid_usd_rate","usd_rate","paid_at","paid_anonymously","hidden_message","payload","paid_btn_name","paid_btn_url"]}
[12-Sep-2025 23:56:32 UTC] [api][d471b21976ef][INFO] cryptobot.invoice.extracted {"from":"data.payload","src":{"invoice_id":"data.payload.invoice_id","status":"data.payload.status","amount":"data.payload.amount","currency":"data.payload.fiat","payload":"data.payload.payload","created_at":"data.payload.created_at"},"invoice_id":"741837","status":"paid","amount":8,"currency":"USD","has_payload":true}
[12-Sep-2025 23:56:32 UTC] [api][d471b21976ef][INFO] cryptobot.payload.kv {"uid":"84895335","plan":"6m","days":"186"}
[12-Sep-2025 23:56:32 UTC] [api][d471b21976ef][INFO] ensure_user.sql 
[12-Sep-2025 23:56:32 UTC] [api][d471b21976ef][INFO] cryptobot.applied {"uid":84895335,"days_added":186,"premium_active_now":2729,"auth":"ip"}
[12-Sep-2025 23:57:23 UTC] [api][89d88172798c][INFO] request.begin {"action":"cryptobot","method":"POST","ip":"104.248.195.90"}
[12-Sep-2025 23:57:23 UTC] [api][89d88172798c][INFO] db.connected {"driver":"sqlite"}
[12-Sep-2025 23:57:23 UTC] [api][89d88172798c][INFO] db.bootstrap.begin {"sqlite":true}
[12-Sep-2025 23:57:23 UTC] [api][89d88172798c][INFO] db.bootstrap.ok 
[12-Sep-2025 23:57:23 UTC] [api][89d88172798c][INFO] cryptobot.auth.check {"has_hdr_token":false,"has_hdr_secret":false,"has_qs_secret":false,"trusted_ip":true,"ip":"104.248.195.90","mode":"relaxed"}
[12-Sep-2025 23:57:23 UTC] [api][89d88172798c][INFO] cryptobot.auth.ok {"by":"ip","ip":"104.248.195.90"}
[12-Sep-2025 23:57:23 UTC] [api][89d88172798c][INFO] cryptobot.payload.recv {"bytes":1200,"preview":"{\"update_id\":1899050,\"update_type\":\"invoice_paid\",\"request_date\":\"2025-09-12T23:57:23.029Z\",\"payload\":{\"invoice_id\":741801,\"hash\":\"IVgg7fjoaz6v\",\"currency_type\":\"fiat\",\"fiat\":\"USD\",\"amount\":\"2\",\"paid_asset\":\"USDT\",\"paid_amount\":\"1.99837748\",\"paid_fiat_rate\":\"1.00081191\",\"accepted_assets\":[\"USDT\",\"TON\",\"BTC\",\"ETH\",\"LTC\",\"BNB\",\"TRX\",\"USDC\"],\"fee_asset\":\"USDT\",\"fee_amount\":\"0.0599513244\",\"fee\":\"0.059"}
[12-Sep-2025 23:57:23 UTC] [api][89d88172798c][INFO] cryptobot.payload.parsed {"update_type":"invoice_paid","keys":["update_id","update_type","request_date","payload"]}
[12-Sep-2025 23:57:23 UTC] [api][89d88172798c][INFO] cryptobot.invoice.keys {"where":"data.payload","keys":["invoice_id","hash","currency_type","fiat","amount","paid_asset","paid_amount","paid_fiat_rate","accepted_assets","fee_asset","fee_amount","fee","fee_in_usd","pay_url","bot_invoice_url","mini_app_invoice_url","web_app_invoice_url","description","status","created_at","allow_comments","allow_anonymous","paid_usd_rate","usd_rate","paid_at","paid_anonymously","hidden_message","payload","paid_btn_name","paid_btn_url"]}
[12-Sep-2025 23:57:23 UTC] [api][89d88172798c][INFO] cryptobot.invoice.extracted {"from":"data.payload","src":{"invoice_id":"data.payload.invoice_id","status":"data.payload.status","amount":"data.payload.amount","currency":"data.payload.fiat","payload":"data.payload.payload","created_at":"data.payload.created_at"},"invoice_id":"741801","status":"paid","amount":2,"currency":"USD","has_payload":true}
[12-Sep-2025 23:57:23 UTC] [api][89d88172798c][INFO] cryptobot.payload.kv {"uid":"84895335","plan":"1m","days":"31"}
[12-Sep-2025 23:57:23 UTC] [api][89d88172798c][INFO] ensure_user.sql 
[12-Sep-2025 23:57:23 UTC] [api][89d88172798c][INFO] cryptobot.applied {"uid":84895335,"days_added":31,"premium_active_now":2760,"auth":"ip"}
[12-Sep-2025 23:57:33 UTC] [api][ee9d92394e2f][INFO] request.begin {"action":"cryptobot","method":"POST","ip":"104.248.195.90"}
[12-Sep-2025 23:57:33 UTC] [api][ee9d92394e2f][INFO] db.connected {"driver":"sqlite"}
[12-Sep-2025 23:57:33 UTC] [api][ee9d92394e2f][INFO] db.bootstrap.begin {"sqlite":true}
[12-Sep-2025 23:57:33 UTC] [api][ee9d92394e2f][INFO] db.bootstrap.ok 
[12-Sep-2025 23:57:33 UTC] [api][ee9d92394e2f][INFO] cryptobot.auth.check {"has_hdr_token":false,"has_hdr_secret":false,"has_qs_secret":false,"trusted_ip":true,"ip":"104.248.195.90","mode":"relaxed"}
[12-Sep-2025 23:57:33 UTC] [api][ee9d92394e2f][INFO] cryptobot.auth.ok {"by":"ip","ip":"104.248.195.90"}
[12-Sep-2025 23:57:33 UTC] [api][ee9d92394e2f][INFO] cryptobot.payload.recv {"bytes":1200,"preview":"{\"update_id\":1899051,\"update_type\":\"invoice_paid\",\"request_date\":\"2025-09-12T23:57:32.983Z\",\"payload\":{\"invoice_id\":741825,\"hash\":\"IV7TpAimWI1O\",\"currency_type\":\"fiat\",\"fiat\":\"USD\",\"amount\":\"2\",\"paid_asset\":\"USDT\",\"paid_amount\":\"1.99842924\",\"paid_fiat_rate\":\"1.00078599\",\"accepted_assets\":[\"USDT\",\"TON\",\"BTC\",\"ETH\",\"LTC\",\"BNB\",\"TRX\",\"USDC\"],\"fee_asset\":\"USDT\",\"fee_amount\":\"0.0599528772\",\"fee\":\"0.059"}
[12-Sep-2025 23:57:33 UTC] [api][ee9d92394e2f][INFO] cryptobot.payload.parsed {"update_type":"invoice_paid","keys":["update_id","update_type","request_date","payload"]}
[12-Sep-2025 23:57:33 UTC] [api][ee9d92394e2f][INFO] cryptobot.invoice.keys {"where":"data.payload","keys":["invoice_id","hash","currency_type","fiat","amount","paid_asset","paid_amount","paid_fiat_rate","accepted_assets","fee_asset","fee_amount","fee","fee_in_usd","pay_url","bot_invoice_url","mini_app_invoice_url","web_app_invoice_url","description","status","created_at","allow_comments","allow_anonymous","paid_usd_rate","usd_rate","paid_at","paid_anonymously","hidden_message","payload","paid_btn_name","paid_btn_url"]}
[12-Sep-2025 23:57:33 UTC] [api][ee9d92394e2f][INFO] cryptobot.invoice.extracted {"from":"data.payload","src":{"invoice_id":"data.payload.invoice_id","status":"data.payload.status","amount":"data.payload.amount","currency":"data.payload.fiat","payload":"data.payload.payload","created_at":"data.payload.created_at"},"invoice_id":"741825","status":"paid","amount":2,"currency":"USD","has_payload":true}
[12-Sep-2025 23:57:33 UTC] [api][ee9d92394e2f][INFO] cryptobot.payload.kv {"uid":"84895335","plan":"1m","days":"31"}
[12-Sep-2025 23:57:33 UTC] [api][ee9d92394e2f][INFO] ensure_user.sql 
[12-Sep-2025 23:57:33 UTC] [api][ee9d92394e2f][INFO] cryptobot.applied {"uid":84895335,"days_added":31,"premium_active_now":2791,"auth":"ip"}
[12-Sep-2025 23:58:03 UTC] [api][1afa7c93787a][INFO] request.begin {"action":"cryptobot","method":"POST","ip":"104.248.195.90"}
[12-Sep-2025 23:58:03 UTC] [api][1afa7c93787a][INFO] db.connected {"driver":"sqlite"}
[12-Sep-2025 23:58:03 UTC] [api][1afa7c93787a][INFO] db.bootstrap.begin {"sqlite":true}
[12-Sep-2025 23:58:03 UTC] [api][1afa7c93787a][INFO] db.bootstrap.ok 
[12-Sep-2025 23:58:03 UTC] [api][1afa7c93787a][INFO] cryptobot.auth.check {"has_hdr_token":false,"has_hdr_secret":false,"has_qs_secret":false,"trusted_ip":true,"ip":"104.248.195.90","mode":"relaxed"}
[12-Sep-2025 23:58:03 UTC] [api][1afa7c93787a][INFO] cryptobot.auth.ok {"by":"ip","ip":"104.248.195.90"}
[12-Sep-2025 23:58:03 UTC] [api][1afa7c93787a][INFO] cryptobot.payload.recv {"bytes":1202,"preview":"{\"update_id\":1899057,\"update_type\":\"invoice_paid\",\"request_date\":\"2025-09-12T23:58:03.714Z\",\"payload\":{\"invoice_id\":741886,\"hash\":\"IV9HMAo6uJ5X\",\"currency_type\":\"fiat\",\"fiat\":\"USD\",\"amount\":\"8\",\"paid_asset\":\"USDT\",\"paid_amount\":\"7.99379026\",\"paid_fiat_rate\":\"1.00077681\",\"accepted_assets\":[\"USDT\",\"TON\",\"BTC\",\"ETH\",\"LTC\",\"BNB\",\"TRX\",\"USDC\"],\"fee_asset\":\"USDT\",\"fee_amount\":\"0.2398137078\",\"fee\":\"0.239"}
[12-Sep-2025 23:58:03 UTC] [api][1afa7c93787a][INFO] cryptobot.payload.parsed {"update_type":"invoice_paid","keys":["update_id","update_type","request_date","payload"]}
[12-Sep-2025 23:58:03 UTC] [api][1afa7c93787a][INFO] cryptobot.invoice.keys {"where":"data.payload","keys":["invoice_id","hash","currency_type","fiat","amount","paid_asset","paid_amount","paid_fiat_rate","accepted_assets","fee_asset","fee_amount","fee","fee_in_usd","pay_url","bot_invoice_url","mini_app_invoice_url","web_app_invoice_url","description","status","created_at","allow_comments","allow_anonymous","paid_usd_rate","usd_rate","paid_at","paid_anonymously","hidden_message","payload","paid_btn_name","paid_btn_url"]}
[12-Sep-2025 23:58:03 UTC] [api][1afa7c93787a][INFO] cryptobot.invoice.extracted {"from":"data.payload","src":{"invoice_id":"data.payload.invoice_id","status":"data.payload.status","amount":"data.payload.amount","currency":"data.payload.fiat","payload":"data.payload.payload","created_at":"data.payload.created_at"},"invoice_id":"741886","status":"paid","amount":8,"currency":"USD","has_payload":true}
[12-Sep-2025 23:58:03 UTC] [api][1afa7c93787a][INFO] cryptobot.payload.kv {"uid":"84895335","plan":"6m","days":"186"}
[12-Sep-2025 23:58:03 UTC] [api][1afa7c93787a][INFO] ensure_user.sql 
[12-Sep-2025 23:58:03 UTC] [api][1afa7c93787a][INFO] cryptobot.applied {"uid":84895335,"days_added":186,"premium_active_now":2977,"auth":"ip"}
[14-Sep-2025 03:43:30 UTC] [api][661cfe281506][INFO] request.begin {"action":"cryptobot","method":"POST","ip":"104.248.195.90"}
[14-Sep-2025 03:43:30 UTC] [api][661cfe281506][INFO] db.connected {"driver":"sqlite"}
[14-Sep-2025 03:43:30 UTC] [api][661cfe281506][INFO] db.bootstrap.begin {"sqlite":true}
[14-Sep-2025 03:43:30 UTC] [api][661cfe281506][INFO] db.bootstrap.ok 
[14-Sep-2025 03:43:30 UTC] [api][661cfe281506][INFO] cryptobot.auth.check {"has_hdr_token":false,"has_hdr_secret":false,"has_qs_secret":false,"trusted_ip":true,"ip":"104.248.195.90","mode":"relaxed"}
[14-Sep-2025 03:43:30 UTC] [api][661cfe281506][INFO] cryptobot.auth.ok {"by":"ip","ip":"104.248.195.90"}
[14-Sep-2025 03:43:30 UTC] [api][661cfe281506][INFO] cryptobot.payload.recv {"bytes":1200,"preview":"{\"update_id\":1905227,\"update_type\":\"invoice_paid\",\"request_date\":\"2025-09-14T03:43:30.150Z\",\"payload\":{\"invoice_id\":742758,\"hash\":\"IV1rC2nHy3Mu\",\"currency_type\":\"fiat\",\"fiat\":\"USD\",\"amount\":\"2\",\"paid_asset\":\"USDT\",\"paid_amount\":\"1.99853992\",\"paid_fiat_rate\":\"1.00073057\",\"accepted_assets\":[\"USDT\",\"TON\",\"BTC\",\"ETH\",\"LTC\",\"BNB\",\"TRX\",\"USDC\"],\"fee_asset\":\"USDT\",\"fee_amount\":\"0.0599561976\",\"fee\":\"0.059"}
[14-Sep-2025 03:43:30 UTC] [api][661cfe281506][INFO] cryptobot.payload.parsed {"update_type":"invoice_paid","keys":["update_id","update_type","request_date","payload"]}
[14-Sep-2025 03:43:30 UTC] [api][661cfe281506][INFO] cryptobot.invoice.keys {"where":"data.payload","keys":["invoice_id","hash","currency_type","fiat","amount","paid_asset","paid_amount","paid_fiat_rate","accepted_assets","fee_asset","fee_amount","fee","fee_in_usd","pay_url","bot_invoice_url","mini_app_invoice_url","web_app_invoice_url","description","status","created_at","allow_comments","allow_anonymous","paid_usd_rate","usd_rate","paid_at","paid_anonymously","hidden_message","payload","paid_btn_name","paid_btn_url"]}
[14-Sep-2025 03:43:30 UTC] [api][661cfe281506][INFO] cryptobot.invoice.extracted {"from":"data.payload","src":{"invoice_id":"data.payload.invoice_id","status":"data.payload.status","amount":"data.payload.amount","currency":"data.payload.fiat","payload":"data.payload.payload","created_at":"data.payload.created_at"},"invoice_id":"742758","status":"paid","amount":2,"currency":"USD","has_payload":true}
[14-Sep-2025 03:43:30 UTC] [api][661cfe281506][INFO] cryptobot.payload.kv {"uid":"84895335","plan":"1m","days":"31"}
[14-Sep-2025 03:43:30 UTC] [api][661cfe281506][INFO] ensure_user.sql 
[14-Sep-2025 03:43:30 UTC] [api][661cfe281506][INFO] cryptobot.applied {"uid":84895335,"days_added":31,"premium_active_now":3008,"auth":"ip","amount":2,"currency":"USD","invoice_id":"742758"}
[14-Sep-2025 03:43:30 UTC] [api][661cfe281506][INFO] telegram.http {"code":200}
[14-Sep-2025 03:43:30 UTC] [api][661cfe281506][INFO] telegram.send.ok {"message_id":2946,"chat_id":84895335}
[14-Sep-2025 03:46:19 UTC] [api][e2ec206d1831][INFO] request.begin {"action":"cryptobot","method":"POST","ip":"104.248.195.90"}
[14-Sep-2025 03:46:19 UTC] [api][e2ec206d1831][INFO] db.connected {"driver":"sqlite"}
[14-Sep-2025 03:46:19 UTC] [api][e2ec206d1831][INFO] db.bootstrap.begin {"sqlite":true}
[14-Sep-2025 03:46:19 UTC] [api][e2ec206d1831][INFO] db.bootstrap.ok 
[14-Sep-2025 03:46:19 UTC] [api][e2ec206d1831][INFO] cryptobot.auth.check {"has_hdr_token":false,"has_hdr_secret":false,"has_qs_secret":false,"trusted_ip":true,"ip":"104.248.195.90","mode":"relaxed"}
[14-Sep-2025 03:46:19 UTC] [api][e2ec206d1831][INFO] cryptobot.auth.ok {"by":"ip","ip":"104.248.195.90"}
[14-Sep-2025 03:46:19 UTC] [api][e2ec206d1831][INFO] cryptobot.payload.recv {"bytes":1200,"preview":"{\"update_id\":1905221,\"update_type\":\"invoice_paid\",\"request_date\":\"2025-09-14T03:46:19.027Z\",\"payload\":{\"invoice_id\":742754,\"hash\":\"IVSLSjKT5rMp\",\"currency_type\":\"fiat\",\"fiat\":\"USD\",\"amount\":\"2\",\"paid_asset\":\"USDT\",\"paid_amount\":\"1.99863374\",\"paid_fiat_rate\":\"1.00068359\",\"accepted_assets\":[\"USDT\",\"TON\",\"BTC\",\"ETH\",\"LTC\",\"BNB\",\"TRX\",\"USDC\"],\"fee_asset\":\"USDT\",\"fee_amount\":\"0.0599590122\",\"fee\":\"0.059"}
[14-Sep-2025 03:46:19 UTC] [api][e2ec206d1831][INFO] cryptobot.payload.parsed {"update_type":"invoice_paid","keys":["update_id","update_type","request_date","payload"]}
[14-Sep-2025 03:46:19 UTC] [api][e2ec206d1831][INFO] cryptobot.invoice.keys {"where":"data.payload","keys":["invoice_id","hash","currency_type","fiat","amount","paid_asset","paid_amount","paid_fiat_rate","accepted_assets","fee_asset","fee_amount","fee","fee_in_usd","pay_url","bot_invoice_url","mini_app_invoice_url","web_app_invoice_url","description","status","created_at","allow_comments","allow_anonymous","paid_usd_rate","usd_rate","paid_at","paid_anonymously","hidden_message","payload","paid_btn_name","paid_btn_url"]}
[14-Sep-2025 03:46:19 UTC] [api][e2ec206d1831][INFO] cryptobot.invoice.extracted {"from":"data.payload","src":{"invoice_id":"data.payload.invoice_id","status":"data.payload.status","amount":"data.payload.amount","currency":"data.payload.fiat","payload":"data.payload.payload","created_at":"data.payload.created_at"},"invoice_id":"742754","status":"paid","amount":2,"currency":"USD","has_payload":true}
[14-Sep-2025 03:46:19 UTC] [api][e2ec206d1831][INFO] cryptobot.payload.kv {"uid":"84895335","plan":"1m","days":"31"}
[14-Sep-2025 03:46:19 UTC] [api][e2ec206d1831][INFO] ensure_user.sql 
[14-Sep-2025 03:46:19 UTC] [api][e2ec206d1831][INFO] cryptobot.applied {"uid":84895335,"days_added":31,"premium_active_now":3039,"auth":"ip","amount":2,"currency":"USD","invoice_id":"742754"}
[14-Sep-2025 03:46:19 UTC] [api][e2ec206d1831][INFO] telegram.http {"code":200}
[14-Sep-2025 03:46:19 UTC] [api][e2ec206d1831][INFO] telegram.send.ok {"message_id":2947,"chat_id":84895335}
[14-Sep-2025 03:53:34 UTC] [api][4c2d850835b4][INFO] request.begin {"action":"cryptobot","method":"POST","ip":"161.35.159.247"}
[14-Sep-2025 03:53:34 UTC] [api][4c2d850835b4][INFO] db.connected {"driver":"sqlite"}
[14-Sep-2025 03:53:34 UTC] [api][4c2d850835b4][INFO] db.bootstrap.begin {"sqlite":true}
[14-Sep-2025 03:53:34 UTC] [api][4c2d850835b4][INFO] db.bootstrap.ok 
[14-Sep-2025 03:53:34 UTC] [api][4c2d850835b4][INFO] cryptobot.auth.check {"has_hdr_token":false,"has_hdr_secret":false,"has_qs_secret":false,"trusted_ip":false,"ip":"161.35.159.247","mode":"relaxed"}
[14-Sep-2025 03:53:34 UTC] [api][4c2d850835b4][WARN] cryptobot.auth.relaxed {"ip":"161.35.159.247"}
[14-Sep-2025 03:53:34 UTC] [api][4c2d850835b4][INFO] cryptobot.payload.recv {"bytes":1160,"preview":"{\"update_id\":72573658,\"update_type\":\"invoice_paid\",\"request_date\":\"2025-09-14T03:53:34.811Z\",\"payload\":{\"invoice_id\":33575694,\"hash\":\"IVD6PPIGIpOS\",\"currency_type\":\"fiat\",\"fiat\":\"USD\",\"amount\":\"2\",\"paid_asset\":\"TON\",\"paid_amount\":\"0.61855734\",\"paid_fiat_rate\":\"3.23332998\",\"accepted_assets\":[\"USDT\",\"TON\",\"BTC\",\"ETH\",\"LTC\",\"BNB\",\"TRX\",\"USDC\"],\"fee_asset\":\"TON\",\"fee_amount\":\"0.01855672\",\"fee\":\"0.0185"}
[14-Sep-2025 03:53:34 UTC] [api][4c2d850835b4][INFO] cryptobot.payload.parsed {"update_type":"invoice_paid","keys":["update_id","update_type","request_date","payload"]}
[14-Sep-2025 03:53:34 UTC] [api][4c2d850835b4][INFO] cryptobot.invoice.keys {"where":"data.payload","keys":["invoice_id","hash","currency_type","fiat","amount","paid_asset","paid_amount","paid_fiat_rate","accepted_assets","fee_asset","fee_amount","fee","fee_in_usd","pay_url","bot_invoice_url","mini_app_invoice_url","web_app_invoice_url","description","status","created_at","allow_comments","allow_anonymous","paid_usd_rate","usd_rate","paid_at","paid_anonymously","hidden_message","payload","paid_btn_name","paid_btn_url"]}
[14-Sep-2025 03:53:34 UTC] [api][4c2d850835b4][INFO] cryptobot.invoice.extracted {"from":"data.payload","src":{"invoice_id":"data.payload.invoice_id","status":"data.payload.status","amount":"data.payload.amount","currency":"data.payload.fiat","payload":"data.payload.payload","created_at":"data.payload.created_at"},"invoice_id":"33575694","status":"paid","amount":2,"currency":"USD","has_payload":true}
[14-Sep-2025 03:53:34 UTC] [api][4c2d850835b4][INFO] cryptobot.payload.kv {"uid":"84895335","plan":"1m","days":"30"}
[14-Sep-2025 03:53:34 UTC] [api][4c2d850835b4][INFO] ensure_user.sql 
[14-Sep-2025 03:53:34 UTC] [api][4c2d850835b4][INFO] cryptobot.applied {"uid":84895335,"days_added":30,"premium_active_now":3069,"auth":"relaxed","amount":2,"currency":"USD","invoice_id":"33575694"}
[14-Sep-2025 03:53:35 UTC] [api][4c2d850835b4][INFO] telegram.http {"code":200}
[14-Sep-2025 03:53:35 UTC] [api][4c2d850835b4][INFO] telegram.send.ok {"message_id":2955,"chat_id":84895335}
[14-Sep-2025 03:55:48 UTC] [api][93ca93d67cef][INFO] request.begin {"action":"cryptobot","method":"POST","ip":"161.35.159.247"}
[14-Sep-2025 03:55:48 UTC] [api][93ca93d67cef][INFO] db.connected {"driver":"sqlite"}
[14-Sep-2025 03:55:48 UTC] [api][93ca93d67cef][INFO] db.bootstrap.begin {"sqlite":true}
[14-Sep-2025 03:55:48 UTC] [api][93ca93d67cef][INFO] db.bootstrap.ok 
[14-Sep-2025 03:55:48 UTC] [api][93ca93d67cef][INFO] cryptobot.auth.check {"has_hdr_token":false,"has_hdr_secret":false,"has_qs_secret":false,"trusted_ip":false,"ip":"161.35.159.247","mode":"relaxed"}
[14-Sep-2025 03:55:48 UTC] [api][93ca93d67cef][WARN] cryptobot.auth.relaxed {"ip":"161.35.159.247"}
[14-Sep-2025 03:55:48 UTC] [api][93ca93d67cef][INFO] cryptobot.payload.recv {"bytes":1162,"preview":"{\"update_id\":72573951,\"update_type\":\"invoice_paid\",\"request_date\":\"2025-09-14T03:55:48.386Z\",\"payload\":{\"invoice_id\":33575738,\"hash\":\"IVnna6JNgrkx\",\"currency_type\":\"fiat\",\"fiat\":\"USD\",\"amount\":\"2\",\"paid_asset\":\"TON\",\"paid_amount\":\"0.61879029\",\"paid_fiat_rate\":\"3.23539314\",\"accepted_assets\":[\"USDT\",\"TON\",\"BTC\",\"ETH\",\"LTC\",\"BNB\",\"TRX\",\"USDC\"],\"fee_asset\":\"TON\",\"fee_amount\":\"0.018563708\",\"fee\":\"0.018"}
[14-Sep-2025 03:55:48 UTC] [api][93ca93d67cef][INFO] cryptobot.payload.parsed {"update_type":"invoice_paid","keys":["update_id","update_type","request_date","payload"]}
[14-Sep-2025 03:55:48 UTC] [api][93ca93d67cef][INFO] cryptobot.invoice.keys {"where":"data.payload","keys":["invoice_id","hash","currency_type","fiat","amount","paid_asset","paid_amount","paid_fiat_rate","accepted_assets","fee_asset","fee_amount","fee","fee_in_usd","pay_url","bot_invoice_url","mini_app_invoice_url","web_app_invoice_url","description","status","created_at","allow_comments","allow_anonymous","paid_usd_rate","usd_rate","paid_at","paid_anonymously","hidden_message","payload","paid_btn_name","paid_btn_url"]}
[14-Sep-2025 03:55:48 UTC] [api][93ca93d67cef][INFO] cryptobot.invoice.extracted {"from":"data.payload","src":{"invoice_id":"data.payload.invoice_id","status":"data.payload.status","amount":"data.payload.amount","currency":"data.payload.fiat","payload":"data.payload.payload","created_at":"data.payload.created_at"},"invoice_id":"33575738","status":"paid","amount":2,"currency":"USD","has_payload":true}
[14-Sep-2025 03:55:48 UTC] [api][93ca93d67cef][INFO] cryptobot.payload.kv {"uid":"84895335","plan":"1m","days":"30"}
[14-Sep-2025 03:55:48 UTC] [api][93ca93d67cef][INFO] ensure_user.sql 
[14-Sep-2025 03:55:48 UTC] [api][93ca93d67cef][INFO] cryptobot.applied {"uid":84895335,"days_added":30,"premium_active_now":3099,"auth":"relaxed","amount":2,"currency":"USD","invoice_id":"33575738"}
[14-Sep-2025 03:55:48 UTC] [api][93ca93d67cef][INFO] telegram.http {"code":200}
[14-Sep-2025 03:55:48 UTC] [api][93ca93d67cef][INFO] telegram.send.ok {"message_id":2962,"chat_id":84895335}
[14-Sep-2025 03:57:00 UTC] [api][5a1555b20771][INFO] request.begin {"action":"cryptobot","method":"POST","ip":"161.35.159.247"}
[14-Sep-2025 03:57:00 UTC] [api][5a1555b20771][INFO] db.connected {"driver":"sqlite"}
[14-Sep-2025 03:57:00 UTC] [api][5a1555b20771][INFO] db.bootstrap.begin {"sqlite":true}
[14-Sep-2025 03:57:00 UTC] [api][5a1555b20771][INFO] db.bootstrap.ok 
[14-Sep-2025 03:57:00 UTC] [api][5a1555b20771][INFO] cryptobot.auth.check {"has_hdr_token":false,"has_hdr_secret":false,"has_qs_secret":false,"trusted_ip":false,"ip":"161.35.159.247","mode":"relaxed"}
[14-Sep-2025 03:57:00 UTC] [api][5a1555b20771][WARN] cryptobot.auth.relaxed {"ip":"161.35.159.247"}
[14-Sep-2025 03:57:00 UTC] [api][5a1555b20771][INFO] cryptobot.payload.recv {"bytes":1175,"preview":"{\"update_id\":72574090,\"update_type\":\"invoice_paid\",\"request_date\":\"2025-09-14T03:57:00.287Z\",\"payload\":{\"invoice_id\":33575757,\"hash\":\"IVTlvW0N4ywv\",\"currency_type\":\"fiat\",\"fiat\":\"USD\",\"amount\":\"2\",\"paid_asset\":\"TON\",\"paid_amount\":\"0.61880894\",\"paid_fiat_rate\":\"3.23538133\",\"accepted_assets\":[\"USDT\",\"TON\",\"BTC\",\"ETH\",\"LTC\",\"BNB\",\"TRX\",\"USDC\"],\"fee_asset\":\"TON\",\"fee_amount\":\"0.018564268\",\"fee\":\"0.018"}
[14-Sep-2025 03:57:00 UTC] [api][5a1555b20771][INFO] cryptobot.payload.parsed {"update_type":"invoice_paid","keys":["update_id","update_type","request_date","payload"]}
[14-Sep-2025 03:57:00 UTC] [api][5a1555b20771][INFO] cryptobot.invoice.keys {"where":"data.payload","keys":["invoice_id","hash","currency_type","fiat","amount","paid_asset","paid_amount","paid_fiat_rate","accepted_assets","fee_asset","fee_amount","fee","fee_in_usd","pay_url","bot_invoice_url","mini_app_invoice_url","web_app_invoice_url","description","status","created_at","allow_comments","allow_anonymous","paid_usd_rate","usd_rate","paid_at","paid_anonymously","hidden_message","payload","paid_btn_name","paid_btn_url"]}
[14-Sep-2025 03:57:00 UTC] [api][5a1555b20771][INFO] cryptobot.invoice.extracted {"from":"data.payload","src":{"invoice_id":"data.payload.invoice_id","status":"data.payload.status","amount":"data.payload.amount","currency":"data.payload.fiat","payload":"data.payload.payload","created_at":"data.payload.created_at"},"invoice_id":"33575757","status":"paid","amount":2,"currency":"USD","has_payload":true}
[14-Sep-2025 03:57:00 UTC] [api][5a1555b20771][INFO] cryptobot.payload.kv {"uid":"84895335","plan":"1m","days":"30"}
[14-Sep-2025 03:57:00 UTC] [api][5a1555b20771][INFO] ensure_user.sql 
[14-Sep-2025 03:57:00 UTC] [api][5a1555b20771][INFO] cryptobot.applied {"uid":84895335,"days_added":30,"premium_active_now":3129,"auth":"relaxed","amount":2,"currency":"USD","invoice_id":"33575757"}
[14-Sep-2025 03:57:00 UTC] [api][5a1555b20771][INFO] telegram.http {"code":200}
[14-Sep-2025 03:57:00 UTC] [api][5a1555b20771][INFO] telegram.send.ok {"message_id":2968,"chat_id":84895335}
[14-Sep-2025 04:22:44 UTC] [api][139a158de3cf][INFO] request.begin {"action":"resetusage","method":"GET","ip":"194.156.103.188"}
[14-Sep-2025 04:22:44 UTC] [api][139a158de3cf][INFO] db.connected {"driver":"sqlite"}
[14-Sep-2025 04:22:44 UTC] [api][139a158de3cf][INFO] db.bootstrap.begin {"sqlite":true}
[14-Sep-2025 04:22:44 UTC] [api][139a158de3cf][INFO] db.bootstrap.ok 
[14-Sep-2025 04:22:44 UTC] [api][139a158de3cf][INFO] ensure_user.sql 
[14-Sep-2025 10:53:33 UTC] [api][fb89a67ae195][INFO] request.begin {"action":"resetusage","method":"GET","ip":"194.156.103.188"}
[14-Sep-2025 10:53:33 UTC] [api][fb89a67ae195][INFO] db.connected {"driver":"sqlite"}
[14-Sep-2025 10:53:33 UTC] [api][fb89a67ae195][INFO] db.bootstrap.begin {"sqlite":true}
[14-Sep-2025 10:53:33 UTC] [api][fb89a67ae195][INFO] db.bootstrap.ok 
[14-Sep-2025 10:53:33 UTC] [api][fb89a67ae195][INFO] ensure_user.sql 
[17-Sep-2025 08:35:29 UTC] [api][c65fe49f403b][INFO] request.begin {"action":"resetusage","method":"GET","ip":"194.156.103.188"}
[17-Sep-2025 08:35:29 UTC] [api][c65fe49f403b][INFO] db.connected {"driver":"sqlite"}
[17-Sep-2025 08:35:29 UTC] [api][c65fe49f403b][INFO] db.bootstrap.begin {"sqlite":true}
[17-Sep-2025 08:35:29 UTC] [api][c65fe49f403b][INFO] db.bootstrap.ok 
[17-Sep-2025 08:35:29 UTC] [api][c65fe49f403b][INFO] ensure_user.sql 
[17-Sep-2025 08:41:26 UTC] [api][a58a5fd8a0ec][INFO] request.begin {"action":"resetusage","method":"GET","ip":"194.156.103.188"}
[17-Sep-2025 08:41:26 UTC] [api][a58a5fd8a0ec][INFO] db.connected {"driver":"sqlite"}
[17-Sep-2025 08:41:26 UTC] [api][a58a5fd8a0ec][INFO] db.bootstrap.begin {"sqlite":true}
[17-Sep-2025 08:41:26 UTC] [api][a58a5fd8a0ec][INFO] db.bootstrap.ok 
[17-Sep-2025 08:41:26 UTC] [api][a58a5fd8a0ec][INFO] ensure_user.sql 
[17-Sep-2025 08:41:58 UTC] [api][36678243fa05][INFO] request.begin {"action":"resetusage","method":"GET","ip":"194.156.103.188"}
[17-Sep-2025 08:41:58 UTC] [api][36678243fa05][INFO] db.connected {"driver":"sqlite"}
[17-Sep-2025 08:41:58 UTC] [api][36678243fa05][INFO] db.bootstrap.begin {"sqlite":true}
[17-Sep-2025 08:41:58 UTC] [api][36678243fa05][INFO] db.bootstrap.ok 
[17-Sep-2025 08:41:58 UTC] [api][36678243fa05][INFO] ensure_user.sql 
[17-Sep-2025 08:48:39 UTC] [api][3446861abe75][INFO] request.begin {"action":"resetusage","method":"GET","ip":"194.156.103.188"}
[17-Sep-2025 08:48:39 UTC] [api][3446861abe75][INFO] db.connected {"driver":"sqlite"}
[17-Sep-2025 08:48:39 UTC] [api][3446861abe75][INFO] db.bootstrap.begin {"sqlite":true}
[17-Sep-2025 08:48:39 UTC] [api][3446861abe75][INFO] db.bootstrap.ok 
[17-Sep-2025 08:48:39 UTC] [api][3446861abe75][INFO] ensure_user.sql 
[17-Sep-2025 09:04:07 UTC] [api][a0d2e1265c68][INFO] request.begin {"action":"resetusage","method":"GET","ip":"94.181.188.72"}
[17-Sep-2025 09:04:07 UTC] [api][a0d2e1265c68][INFO] db.connected {"driver":"sqlite"}
[17-Sep-2025 09:04:07 UTC] [api][a0d2e1265c68][INFO] db.bootstrap.begin {"sqlite":true}
[17-Sep-2025 09:04:07 UTC] [api][a0d2e1265c68][INFO] db.bootstrap.ok 
[17-Sep-2025 09:04:07 UTC] [api][a0d2e1265c68][INFO] ensure_user.sql 
[17-Sep-2025 13:05:32 UTC] [api][7f60a298ebaa][INFO] request.begin {"action":"resetusage","method":"GET","ip":"194.156.103.188"}
[17-Sep-2025 13:05:32 UTC] [api][7f60a298ebaa][INFO] db.connected {"driver":"sqlite"}
[17-Sep-2025 13:05:32 UTC] [api][7f60a298ebaa][INFO] db.bootstrap.begin {"sqlite":true}
[17-Sep-2025 13:05:32 UTC] [api][7f60a298ebaa][INFO] db.bootstrap.ok 
[17-Sep-2025 13:05:32 UTC] [api][7f60a298ebaa][INFO] ensure_user.sql 
[17-Sep-2025 13:06:29 UTC] [api][fcab5bd1dca0][INFO] request.begin {"action":"resetusage","method":"GET","ip":"194.156.103.188"}
[17-Sep-2025 13:06:29 UTC] [api][fcab5bd1dca0][INFO] db.connected {"driver":"sqlite"}
[17-Sep-2025 13:06:29 UTC] [api][fcab5bd1dca0][INFO] db.bootstrap.begin {"sqlite":true}
[17-Sep-2025 13:06:29 UTC] [api][fcab5bd1dca0][INFO] db.bootstrap.ok 
[17-Sep-2025 13:06:29 UTC] [api][fcab5bd1dca0][INFO] ensure_user.sql 
[17-Sep-2025 13:06:44 UTC] [api][352afe4c4f08][INFO] request.begin {"action":"resetusage","method":"GET","ip":"194.156.103.188"}
[17-Sep-2025 13:06:44 UTC] [api][352afe4c4f08][INFO] db.connected {"driver":"sqlite"}
[17-Sep-2025 13:06:44 UTC] [api][352afe4c4f08][INFO] db.bootstrap.begin {"sqlite":true}
[17-Sep-2025 13:06:44 UTC] [api][352afe4c4f08][INFO] db.bootstrap.ok 
[17-Sep-2025 13:06:44 UTC] [api][352afe4c4f08][INFO] ensure_user.sql 
[17-Sep-2025 13:12:30 UTC] [api][c8ed19b02482][INFO] request.begin {"action":"resetusage","method":"GET","ip":"194.156.103.188"}
[17-Sep-2025 13:12:30 UTC] [api][c8ed19b02482][INFO] db.connected {"driver":"sqlite"}
[17-Sep-2025 13:12:30 UTC] [api][c8ed19b02482][INFO] db.bootstrap.begin {"sqlite":true}
[17-Sep-2025 13:12:30 UTC] [api][c8ed19b02482][INFO] db.bootstrap.ok 
[17-Sep-2025 13:12:30 UTC] [api][c8ed19b02482][INFO] ensure_user.sql 
[17-Sep-2025 13:12:48 UTC] [api][798d24b49859][INFO] request.begin {"action":"resetusage","method":"GET","ip":"194.156.103.188"}
[17-Sep-2025 13:12:48 UTC] [api][798d24b49859][INFO] db.connected {"driver":"sqlite"}
[17-Sep-2025 13:12:48 UTC] [api][798d24b49859][INFO] db.bootstrap.begin {"sqlite":true}
[17-Sep-2025 13:12:48 UTC] [api][798d24b49859][INFO] db.bootstrap.ok 
[17-Sep-2025 13:12:48 UTC] [api][798d24b49859][INFO] ensure_user.sql 
[17-Sep-2025 13:13:08 UTC] [api][e7e59bc8cb9b][INFO] request.begin {"action":"resetusage","method":"GET","ip":"194.156.103.188"}
[17-Sep-2025 13:13:08 UTC] [api][e7e59bc8cb9b][INFO] db.connected {"driver":"sqlite"}
[17-Sep-2025 13:13:08 UTC] [api][e7e59bc8cb9b][INFO] db.bootstrap.begin {"sqlite":true}
[17-Sep-2025 13:13:08 UTC] [api][e7e59bc8cb9b][INFO] db.bootstrap.ok 
[17-Sep-2025 13:13:08 UTC] [api][e7e59bc8cb9b][INFO] ensure_user.sql 
[17-Sep-2025 13:14:14 UTC] [api][2f9cf8d84477][INFO] request.begin {"action":"resetusage","method":"GET","ip":"194.156.103.188"}
[17-Sep-2025 13:14:14 UTC] [api][2f9cf8d84477][INFO] db.connected {"driver":"sqlite"}
[17-Sep-2025 13:14:14 UTC] [api][2f9cf8d84477][INFO] db.bootstrap.begin {"sqlite":true}
[17-Sep-2025 13:14:14 UTC] [api][2f9cf8d84477][INFO] db.bootstrap.ok 
[17-Sep-2025 13:14:14 UTC] [api][2f9cf8d84477][INFO] ensure_user.sql 
[17-Sep-2025 13:15:30 UTC] [api][e2c965db517a][INFO] request.begin {"action":"resetusage","method":"GET","ip":"194.156.103.188"}
[17-Sep-2025 13:15:30 UTC] [api][e2c965db517a][INFO] db.connected {"driver":"sqlite"}
[17-Sep-2025 13:15:30 UTC] [api][e2c965db517a][INFO] db.bootstrap.begin {"sqlite":true}
[17-Sep-2025 13:15:30 UTC] [api][e2c965db517a][INFO] db.bootstrap.ok 
[17-Sep-2025 13:15:30 UTC] [api][e2c965db517a][INFO] ensure_user.sql 
[17-Sep-2025 13:55:27 UTC] [api][b4fb6021150e][INFO] request.begin {"action":"resetusage","method":"GET","ip":"94.131.111.195"}
[17-Sep-2025 13:55:27 UTC] [api][b4fb6021150e][INFO] db.connected {"driver":"sqlite"}
[17-Sep-2025 13:55:27 UTC] [api][b4fb6021150e][INFO] db.bootstrap.begin {"sqlite":true}
[17-Sep-2025 13:55:27 UTC] [api][b4fb6021150e][INFO] db.bootstrap.ok 
[17-Sep-2025 13:55:27 UTC] [api][b4fb6021150e][INFO] ensure_user.sql 
[20-Sep-2025 12:18:30 UTC] [api][69aa59cea330][INFO] request.begin {"action":"resetusage","method":"GET","ip":"194.156.103.188"}
[20-Sep-2025 12:18:30 UTC] [api][69aa59cea330][INFO] db.connected {"driver":"sqlite"}
[20-Sep-2025 12:18:30 UTC] [api][69aa59cea330][INFO] db.bootstrap.begin {"sqlite":true}
[20-Sep-2025 12:18:30 UTC] [api][69aa59cea330][INFO] db.bootstrap.ok 
[20-Sep-2025 12:18:30 UTC] [api][69aa59cea330][INFO] ensure_user.sql 
[20-Sep-2025 12:19:04 UTC] [api][004ec8ef02e7][INFO] request.begin {"action":"resetusage","method":"GET","ip":"194.156.103.188"}
[20-Sep-2025 12:19:04 UTC] [api][004ec8ef02e7][INFO] db.connected {"driver":"sqlite"}
[20-Sep-2025 12:19:04 UTC] [api][004ec8ef02e7][INFO] db.bootstrap.begin {"sqlite":true}
[20-Sep-2025 12:19:04 UTC] [api][004ec8ef02e7][INFO] db.bootstrap.ok 
[20-Sep-2025 12:19:04 UTC] [api][004ec8ef02e7][INFO] ensure_user.sql 
[21-Sep-2025 01:32:50 UTC] [api][1921491af966][INFO] request.begin {"action":"resetusage","method":"GET","ip":"194.102.227.19"}
[21-Sep-2025 01:32:50 UTC] [api][1921491af966][INFO] db.connected {"driver":"sqlite"}
[21-Sep-2025 01:32:50 UTC] [api][1921491af966][INFO] db.bootstrap.begin {"sqlite":true}
[21-Sep-2025 01:32:50 UTC] [api][1921491af966][INFO] db.bootstrap.ok 
[21-Sep-2025 01:32:50 UTC] [api][1921491af966][INFO] ensure_user.sql 
[22-Sep-2025 23:48:53 UTC] [api][dc6c60092fc7][INFO] request.begin {"action":"resetusage","method":"GET","ip":"162.19.175.38"}
[22-Sep-2025 23:48:53 UTC] [api][dc6c60092fc7][INFO] db.connected {"driver":"sqlite"}
[22-Sep-2025 23:48:53 UTC] [api][dc6c60092fc7][INFO] db.bootstrap.begin {"sqlite":true}
[22-Sep-2025 23:48:53 UTC] [api][dc6c60092fc7][INFO] db.bootstrap.ok 
[22-Sep-2025 23:48:53 UTC] [api][dc6c60092fc7][INFO] ensure_user.sql 
